{
  "resourceType" : "ConceptMap",
  "id" : "result2FHIR-eu-lab",
  "text" : {
    "status" : "generated",
    "div" : "<div xmlns=\"http://www.w3.org/1999/xhtml\"><p class=\"res-header-id\"><b>Generated Narrative: ConceptMap result2FHIR-eu-lab</b></p><a name=\"result2FHIR-eu-lab\"> </a><a name=\"hcresult2FHIR-eu-lab\"> </a><a name=\"result2FHIR-eu-lab-en-US\"> </a><p>Mapping from <a href=\"StructureDefinition-Result.html\">A.5 - Results data elements</a> to <a href=\"StructureDefinition-Bundle-eu-lab.html\">Bundle: Laboratory Report</a></p><br/><p><b>Group 1 </b>Mapping from <a href=\"StructureDefinition-Result.html\">A.5 - Results data elements</a> to <a href=\"StructureDefinition-Observation-resultslab-eu-lab.html\">Observation Results: laboratory</a></p><table class=\"grid\"><tr><td><b>Source Code</b></td><td><b>Relationship</b></td><td><b>Target Code</b></td><td><b>Comment</b></td></tr><tr><td>Result.narrative (A.5.1 Laboratory report narrative)</td><td colspan=\"3\" style=\"background-color: #efefef\">(not mapped)</td></tr><tr><td>Result.narrative.report (A.5.1.1 Narrative report)</td><td colspan=\"3\" style=\"background-color: #efefef\">(not mapped)</td></tr><tr><td>Result.narrative.notes (A.5.1.2 Comments, interpretation and recommendations)</td><td colspan=\"3\" style=\"background-color: #efefef\">(not mapped)</td></tr><tr><td>Result.observation (A.5.2 Observation details)</td><td><a href=\"http://hl7.org/fhir/extensions/5.1.0/CodeSystem-concept-map-equivalence.html#equivalent\" title=\"equivalent\">is equivalent to</a></td><td>Observation</td><td/></tr><tr><td>Result.observation.dateTime (A.5.2.1 Observation date)</td><td><a href=\"http://hl7.org/fhir/extensions/5.1.0/CodeSystem-concept-map-equivalence.html#equivalent\" title=\"equivalent\">is equivalent to</a></td><td>Observation.effective[x]</td><td>intended as the clinical relevant time (i.e. when the specimen was collected)</td></tr><tr><td>Result.observation.dateTime (A.5.2.1 Observation date)</td><td><a href=\"http://hl7.org/fhir/extensions/5.1.0/CodeSystem-concept-map-equivalence.html#equivalent\" title=\"equivalent\">is equivalent to</a></td><td>Observation.issued</td><td>as the date the result is made available.</td></tr><tr><td>Result.observation.code (A.5.2.3 Observation code)</td><td><a href=\"http://hl7.org/fhir/extensions/5.1.0/CodeSystem-concept-map-equivalence.html#relatedto\" title=\"relatedto\">is related to</a></td><td>Observation.code</td><td>depends on the type of test</td></tr><tr><td>Result.observation.code (A.5.2.3 Observation code)</td><td><a href=\"http://hl7.org/fhir/extensions/5.1.0/CodeSystem-concept-map-equivalence.html#relatedto\" title=\"relatedto\">is related to</a></td><td>Observation.hasMember.code</td><td>depends on the type of test</td></tr><tr><td>Result.observation.code (A.5.2.3 Observation code)</td><td><a href=\"http://hl7.org/fhir/extensions/5.1.0/CodeSystem-concept-map-equivalence.html#relatedto\" title=\"relatedto\">is related to</a></td><td>Observation.component.code</td><td>depends on the type of test</td></tr><tr><td>Result.observation.code.name (A.5.2.3.1 Observation name)</td><td><a href=\"http://hl7.org/fhir/extensions/5.1.0/CodeSystem-concept-map-equivalence.html#equivalent\" title=\"equivalent\">is equivalent to</a></td><td>Observation.code.coding.display</td><td>The mapping refers to the case 'code' mapped to Observation.code. A similar mapping applies to the other cases.\nThis element typically  represents the 'full specified  name' designation, compared to the 'short name' of the 'A.5.2.3.3 Observation display name' element.\nIt is not expected that both designations are recorded in the report; consumers can use in fact terminology services and/or lookup tables to allow users to have different displays for the same coded concept.</td></tr><tr><td>Result.observation.code.originalName (A.5.2.3.2 Observation original name)</td><td><a href=\"http://hl7.org/fhir/extensions/5.1.0/CodeSystem-concept-map-equivalence.html#equivalent\" title=\"equivalent\">is equivalent to</a></td><td>Observation.code.text</td><td>The mapping refers to the case 'code' mapped to Observation.code. A similar mapping applies to the other cases.</td></tr><tr><td>Result.observation.code.displayName (A.5.2.3.3 Observation display name)</td><td><a href=\"http://hl7.org/fhir/extensions/5.1.0/CodeSystem-concept-map-equivalence.html#equivalent\" title=\"equivalent\">is equivalent to</a></td><td>Observation.code.coding.display</td><td>The mapping refers to the case 'code' mapped to Observation.code. A similar mapping applies to the other cases.\nThis element typically  represents the' short name' designation, compared to the 'full specified name' of the 'A.5.2.3.1 Observation name' element.\nIt is not expected that both designations are recorded in the report; consumers can use in fact terminology services and/or lookup tables to allow users to have different displays for the same coded concept.</td></tr><tr><td>Result.observation.method (A.5.2.4 Observation method)</td><td><a href=\"http://hl7.org/fhir/extensions/5.1.0/CodeSystem-concept-map-equivalence.html#equivalent\" title=\"equivalent\">is equivalent to</a></td><td>Observation.method</td><td/></tr><tr><td>Result.observation.device (A.5.2.5 Observation device)</td><td><a href=\"http://hl7.org/fhir/extensions/5.1.0/CodeSystem-concept-map-equivalence.html#relatedto\" title=\"relatedto\">is related to</a></td><td>Observation.device</td><td>When it refers to the measuring device, including kits, and device of type Device</td></tr><tr><td>Result.observation.device (A.5.2.5 Observation device)</td><td><a href=\"http://hl7.org/fhir/extensions/5.1.0/CodeSystem-concept-map-equivalence.html#relatedto\" title=\"relatedto\">is related to</a></td><td>Observation.device.device</td><td>When it refers to the measuring device and device of type DeviceMeasure</td></tr><tr><td>Result.observation.device (A.5.2.5 Observation device)</td><td><a href=\"http://hl7.org/fhir/extensions/5.1.0/CodeSystem-concept-map-equivalence.html#relatedto\" title=\"relatedto\">is related to</a></td><td>Observation.device</td><td>With device of type DeviceMeasure.\nThis resource can be used to capture some information about the setting (including calibration)</td></tr><tr><td>Result.observation.order (A.5.2.8 Order)</td><td><a href=\"http://hl7.org/fhir/extensions/5.1.0/CodeSystem-concept-map-equivalence.html#equivalent\" title=\"equivalent\">is equivalent to</a></td><td>Observation.basedOn</td><td/></tr><tr><td>Result.observation.performer (A.5.2.9 Performer)</td><td><a href=\"http://hl7.org/fhir/extensions/5.1.0/CodeSystem-concept-map-equivalence.html#equivalent\" title=\"equivalent\">is equivalent to</a></td><td>Observation.performer</td><td/></tr><tr><td>Result.observation.reporter (A.5.2.10 Reporter)</td><td><a href=\"http://hl7.org/fhir/extensions/5.1.0/CodeSystem-concept-map-equivalence.html#relatedto\" title=\"relatedto\">is related to</a></td><td>Observation.performer</td><td>For interpreter: performer.extension:performerFunction = AUT (author)\nIf the person responsible for validation:  performer.extension:performerFunction = AUTHEN or LA</td></tr><tr><td>Result.observation.result (A.5.2.11 Observation result)</td><td><a href=\"http://hl7.org/fhir/extensions/5.1.0/CodeSystem-concept-map-equivalence.html#equivalent\" title=\"equivalent\">is equivalent to</a></td><td>Observation.value[x]</td><td>depends on the type of test</td></tr><tr><td>Result.observation.result (A.5.2.11 Observation result)</td><td><a href=\"http://hl7.org/fhir/extensions/5.1.0/CodeSystem-concept-map-equivalence.html#equivalent\" title=\"equivalent\">is equivalent to</a></td><td>Observation.component.value[x]</td><td>depends on the type of test</td></tr><tr><td>Result.observation.interpretation (A.5.2.12 Observation interpretation)</td><td><a href=\"http://hl7.org/fhir/extensions/5.1.0/CodeSystem-concept-map-equivalence.html#equivalent\" title=\"equivalent\">is equivalent to</a></td><td>Observation.interpretation</td><td>depends on the type of test</td></tr><tr><td>Result.observation.interpretation (A.5.2.12 Observation interpretation)</td><td><a href=\"http://hl7.org/fhir/extensions/5.1.0/CodeSystem-concept-map-equivalence.html#equivalent\" title=\"equivalent\">is equivalent to</a></td><td>Observation.component.interpretation</td><td>depends on the type of test</td></tr><tr><td>Result.observation.description (A.5.2.13 Result description)</td><td><a href=\"http://hl7.org/fhir/extensions/5.1.0/CodeSystem-concept-map-equivalence.html#relatedto\" title=\"relatedto\">is related to</a></td><td>Observation.text</td><td/></tr><tr><td>Result.observation.accreditationStatus (A.5.2.14 Accreditation status)</td><td><a href=\"http://hl7.org/fhir/extensions/5.1.0/CodeSystem-concept-map-equivalence.html#relatedto\" title=\"relatedto\">is related to</a></td><td>Observation.performer.qualification</td><td>performer ofType PractitionerRole</td></tr><tr><td>Result.observation.accreditationStatus (A.5.2.14 Accreditation status)</td><td><a href=\"http://hl7.org/fhir/extensions/5.1.0/CodeSystem-concept-map-equivalence.html#relatedto\" title=\"relatedto\">is related to</a></td><td>Observation.performer.organization.qualification</td><td>performer ofType Organization</td></tr></table><hr/><p><b>Group 2 </b>Mapping from <a href=\"StructureDefinition-Result.html\">A.5 - Results data elements</a> to <a href=\"StructureDefinition-DiagnosticReport-eu-lab.html\">DiagnosticReport: Laboratory Report</a></p><table class=\"grid\"><tr><td><b>Source Code</b></td><td><b>Relationship</b></td><td><b>Target Code</b></td><td><b>Comment</b></td></tr><tr><td>Result.narrative (A.5.1 Laboratory report narrative)</td><td><a href=\"http://hl7.org/fhir/extensions/5.1.0/CodeSystem-concept-map-equivalence.html#relatedto\" title=\"relatedto\">is related to</a></td><td>DiagnosticReport</td><td/></tr><tr><td>Result.narrative.report (A.5.1.1 Narrative report)</td><td><a href=\"http://hl7.org/fhir/extensions/5.1.0/CodeSystem-concept-map-equivalence.html#relatedto\" title=\"relatedto\">is related to</a></td><td>DiagnosticReport.text</td><td/></tr><tr><td>Result.narrative.notes (A.5.1.2 Comments, interpretation and recommendations)</td><td><a href=\"http://hl7.org/fhir/extensions/5.1.0/CodeSystem-concept-map-equivalence.html#relatedto\" title=\"relatedto\">is related to</a></td><td>DiagnosticReport.conclusion</td><td>if related to the overall report conclusions</td></tr><tr><td>Result.observation (A.5.2 Observation details)</td><td><a href=\"http://hl7.org/fhir/extensions/5.1.0/CodeSystem-concept-map-equivalence.html#relatedto\" title=\"relatedto\">is related to</a></td><td>DiagnosticReport.result</td><td>see details in the Observation group</td></tr><tr><td>Result.observation.dateTime (A.5.2.1 Observation date)</td><td><a href=\"http://hl7.org/fhir/extensions/5.1.0/CodeSystem-concept-map-equivalence.html#relatedto\" title=\"relatedto\">is related to</a></td><td>DiagnosticReport.result</td><td>see details in the Observation group</td></tr><tr><td>Result.observation.code (A.5.2.3 Observation code)</td><td><a href=\"http://hl7.org/fhir/extensions/5.1.0/CodeSystem-concept-map-equivalence.html#relatedto\" title=\"relatedto\">is related to</a></td><td>DiagnosticReport.result</td><td>see details in the Observation group</td></tr><tr><td>Result.observation.code.name (A.5.2.3.1 Observation name)</td><td><a href=\"http://hl7.org/fhir/extensions/5.1.0/CodeSystem-concept-map-equivalence.html#relatedto\" title=\"relatedto\">is related to</a></td><td>DiagnosticReport.result</td><td>see details in the Observation group</td></tr><tr><td>Result.observation.code.originalName (A.5.2.3.2 Observation original name)</td><td><a href=\"http://hl7.org/fhir/extensions/5.1.0/CodeSystem-concept-map-equivalence.html#relatedto\" title=\"relatedto\">is related to</a></td><td>DiagnosticReport.result</td><td>see details in the Observation group</td></tr><tr><td>Result.observation.code.displayName (A.5.2.3.3 Observation display name)</td><td><a href=\"http://hl7.org/fhir/extensions/5.1.0/CodeSystem-concept-map-equivalence.html#relatedto\" title=\"relatedto\">is related to</a></td><td>DiagnosticReport.result</td><td>see details in the Observation group</td></tr><tr><td>Result.observation.method (A.5.2.4 Observation method)</td><td><a href=\"http://hl7.org/fhir/extensions/5.1.0/CodeSystem-concept-map-equivalence.html#relatedto\" title=\"relatedto\">is related to</a></td><td>DiagnosticReport.result</td><td>see details in the Observation group</td></tr><tr><td>Result.observation.device (A.5.2.5 Observation device)</td><td><a href=\"http://hl7.org/fhir/extensions/5.1.0/CodeSystem-concept-map-equivalence.html#relatedto\" title=\"relatedto\">is related to</a></td><td>DiagnosticReport.result</td><td>see details in the Observation group</td></tr><tr><td>Result.observation.order (A.5.2.8 Order)</td><td><a href=\"http://hl7.org/fhir/extensions/5.1.0/CodeSystem-concept-map-equivalence.html#relatedto\" title=\"relatedto\">is related to</a></td><td>DiagnosticReport.result</td><td>see details in the Observation group</td></tr><tr><td>Result.observation.performer (A.5.2.9 Performer)</td><td><a href=\"http://hl7.org/fhir/extensions/5.1.0/CodeSystem-concept-map-equivalence.html#relatedto\" title=\"relatedto\">is related to</a></td><td>DiagnosticReport.result</td><td>see details in the Observation group</td></tr><tr><td>Result.observation.reporter (A.5.2.10 Reporter)</td><td><a href=\"http://hl7.org/fhir/extensions/5.1.0/CodeSystem-concept-map-equivalence.html#relatedto\" title=\"relatedto\">is related to</a></td><td>DiagnosticReport.result</td><td>see details in the Observation group</td></tr><tr><td>Result.observation.result (A.5.2.11 Observation result)</td><td><a href=\"http://hl7.org/fhir/extensions/5.1.0/CodeSystem-concept-map-equivalence.html#relatedto\" title=\"relatedto\">is related to</a></td><td>DiagnosticReport.result</td><td>see details in the Observation group</td></tr><tr><td>Result.observation.interpretation (A.5.2.12 Observation interpretation)</td><td><a href=\"http://hl7.org/fhir/extensions/5.1.0/CodeSystem-concept-map-equivalence.html#relatedto\" title=\"relatedto\">is related to</a></td><td>DiagnosticReport.result</td><td>see details in the Observation group</td></tr><tr><td>Result.observation.description (A.5.2.13 Result description)</td><td><a href=\"http://hl7.org/fhir/extensions/5.1.0/CodeSystem-concept-map-equivalence.html#relatedto\" title=\"relatedto\">is related to</a></td><td>DiagnosticReport.result</td><td>see details in the Observation group</td></tr><tr><td>Result.observation.accreditationStatus (A.5.2.14 Accreditation status)</td><td><a href=\"http://hl7.org/fhir/extensions/5.1.0/CodeSystem-concept-map-equivalence.html#relatedto\" title=\"relatedto\">is related to</a></td><td>DiagnosticReport.result</td><td>see details in the Observation group</td></tr></table><hr/><p><b>Group 3 </b>Mapping from <a href=\"StructureDefinition-Result.html\">A.5 - Results data elements</a> to <a href=\"StructureDefinition-Composition-eu-lab.html\">Composition: Laboratory Report</a></p><table class=\"grid\"><tr><td><b>Source Code</b></td><td><b>Relationship</b></td><td><b>Target Code</b></td><td><b>Comment</b></td></tr><tr><td>Result.narrative (A.5.1 Laboratory report narrative)</td><td><a href=\"http://hl7.org/fhir/extensions/5.1.0/CodeSystem-concept-map-equivalence.html#relatedto\" title=\"relatedto\">is related to</a></td><td>Composition</td><td/></tr><tr><td>Result.narrative.report (A.5.1.1 Narrative report)</td><td><a href=\"http://hl7.org/fhir/extensions/5.1.0/CodeSystem-concept-map-equivalence.html#relatedto\" title=\"relatedto\">is related to</a></td><td>Composition.text</td><td/></tr><tr><td>Result.narrative.report (A.5.1.1 Narrative report)</td><td><a href=\"http://hl7.org/fhir/extensions/5.1.0/CodeSystem-concept-map-equivalence.html#relatedto\" title=\"relatedto\">is related to</a></td><td>Composition.section:lab-no-subsections.text</td><td>if single section</td></tr><tr><td>Result.narrative.report (A.5.1.1 Narrative report)</td><td><a href=\"http://hl7.org/fhir/extensions/5.1.0/CodeSystem-concept-map-equivalence.html#relatedto\" title=\"relatedto\">is related to</a></td><td>Composition.section:lab-subsections.section.text</td><td>if multiple sections</td></tr><tr><td>Result.narrative.notes (A.5.1.2 Comments, interpretation and recommendations)</td><td><a href=\"http://hl7.org/fhir/extensions/5.1.0/CodeSystem-concept-map-equivalence.html#relatedto\" title=\"relatedto\">is related to</a></td><td>Composition.section:lab-no-subsections.text</td><td>if single section</td></tr><tr><td>Result.narrative.notes (A.5.1.2 Comments, interpretation and recommendations)</td><td><a href=\"http://hl7.org/fhir/extensions/5.1.0/CodeSystem-concept-map-equivalence.html#relatedto\" title=\"relatedto\">is related to</a></td><td>Composition.section:lab-subsections.section.text</td><td>if multiple sections</td></tr><tr><td>Result.observation (A.5.2 Observation details)</td><td><a href=\"http://hl7.org/fhir/extensions/5.1.0/CodeSystem-concept-map-equivalence.html#relatedto\" title=\"relatedto\">is related to</a></td><td>Composition.section:lab-no-subsections.entry</td><td>if single section</td></tr><tr><td>Result.observation (A.5.2 Observation details)</td><td><a href=\"http://hl7.org/fhir/extensions/5.1.0/CodeSystem-concept-map-equivalence.html#relatedto\" title=\"relatedto\">is related to</a></td><td>Composition.section:lab-subsections.section.entry</td><td>if multiple sections</td></tr><tr><td>Result.observation.dateTime (A.5.2.1 Observation date)</td><td><a href=\"http://hl7.org/fhir/extensions/5.1.0/CodeSystem-concept-map-equivalence.html#relatedto\" title=\"relatedto\">is related to</a></td><td>Composition.section:lab-no-subsections.entry</td><td>see details in the Observation group</td></tr><tr><td>Result.observation.code (A.5.2.3 Observation code)</td><td><a href=\"http://hl7.org/fhir/extensions/5.1.0/CodeSystem-concept-map-equivalence.html#relatedto\" title=\"relatedto\">is related to</a></td><td>Composition.section:lab-no-subsections.entry</td><td>see details in the Observation group</td></tr><tr><td>Result.observation.code.name (A.5.2.3.1 Observation name)</td><td><a href=\"http://hl7.org/fhir/extensions/5.1.0/CodeSystem-concept-map-equivalence.html#relatedto\" title=\"relatedto\">is related to</a></td><td>Composition.section:lab-no-subsections.entry</td><td>see details in the Observation group</td></tr><tr><td>Result.observation.code.originalName (A.5.2.3.2 Observation original name)</td><td><a href=\"http://hl7.org/fhir/extensions/5.1.0/CodeSystem-concept-map-equivalence.html#relatedto\" title=\"relatedto\">is related to</a></td><td>Composition.section:lab-no-subsections.entry</td><td>see details in the Observation group</td></tr><tr><td>Result.observation.code.displayName (A.5.2.3.3 Observation display name)</td><td><a href=\"http://hl7.org/fhir/extensions/5.1.0/CodeSystem-concept-map-equivalence.html#relatedto\" title=\"relatedto\">is related to</a></td><td>Composition.section:lab-no-subsections.entry</td><td>see details in the Observation group</td></tr><tr><td>Result.observation.method (A.5.2.4 Observation method)</td><td><a href=\"http://hl7.org/fhir/extensions/5.1.0/CodeSystem-concept-map-equivalence.html#relatedto\" title=\"relatedto\">is related to</a></td><td>Composition.section:lab-no-subsections.entry</td><td>see details in the Observation group</td></tr><tr><td>Result.observation.device (A.5.2.5 Observation device)</td><td><a href=\"http://hl7.org/fhir/extensions/5.1.0/CodeSystem-concept-map-equivalence.html#relatedto\" title=\"relatedto\">is related to</a></td><td>Composition.section:lab-no-subsections.entry</td><td>see details in the Observation group</td></tr><tr><td>Result.observation.order (A.5.2.8 Order)</td><td><a href=\"http://hl7.org/fhir/extensions/5.1.0/CodeSystem-concept-map-equivalence.html#relatedto\" title=\"relatedto\">is related to</a></td><td>Composition.section:lab-no-subsections.entry</td><td>see details in the Observation group</td></tr><tr><td>Result.observation.performer (A.5.2.9 Performer)</td><td><a href=\"http://hl7.org/fhir/extensions/5.1.0/CodeSystem-concept-map-equivalence.html#relatedto\" title=\"relatedto\">is related to</a></td><td>Composition.section:lab-no-subsections.entry</td><td>see details in the Observation group</td></tr><tr><td>Result.observation.reporter (A.5.2.10 Reporter)</td><td><a href=\"http://hl7.org/fhir/extensions/5.1.0/CodeSystem-concept-map-equivalence.html#relatedto\" title=\"relatedto\">is related to</a></td><td>Composition.section:lab-no-subsections.entry</td><td>see details in the Observation group</td></tr><tr><td>Result.observation.result (A.5.2.11 Observation result)</td><td><a href=\"http://hl7.org/fhir/extensions/5.1.0/CodeSystem-concept-map-equivalence.html#relatedto\" title=\"relatedto\">is related to</a></td><td>Composition.section:lab-no-subsections.entry</td><td>see details in the Observation group</td></tr><tr><td>Result.observation.interpretation (A.5.2.12 Observation interpretation)</td><td><a href=\"http://hl7.org/fhir/extensions/5.1.0/CodeSystem-concept-map-equivalence.html#relatedto\" title=\"relatedto\">is related to</a></td><td>Composition.section:lab-no-subsections.entry</td><td>see details in the Observation group</td></tr><tr><td>Result.observation.description (A.5.2.13 Result description)</td><td><a href=\"http://hl7.org/fhir/extensions/5.1.0/CodeSystem-concept-map-equivalence.html#relatedto\" title=\"relatedto\">is related to</a></td><td>Composition.section:lab-no-subsections.entry</td><td>see details in the Observation group</td></tr><tr><td>Result.observation.accreditationStatus (A.5.2.14 Accreditation status)</td><td><a href=\"http://hl7.org/fhir/extensions/5.1.0/CodeSystem-concept-map-equivalence.html#relatedto\" title=\"relatedto\">is related to</a></td><td>Composition.section:lab-no-subsections.entry</td><td>see details in the Observation group</td></tr></table></div>"
  },
  "extension" : [{
    "url" : "http://hl7.org/fhir/StructureDefinition/structuredefinition-fmm",
    "valueInteger" : 2
  },
  {
    "url" : "http://hl7.org/fhir/StructureDefinition/structuredefinition-standards-status",
    "valueCode" : "informative"
  }],
  "url" : "http://hl7.eu/fhir/laboratory/ConceptMap/result2FHIR-eu-lab",
  "version" : "0.2.0-ci",
  "name" : "LabRptResult2FHIR",
  "title" : "eHN Result to this guide Map",
  "status" : "draft",
  "experimental" : true,
  "date" : "2024-11-18T16:52:16+00:00",
  "publisher" : "HL7 Europe",
  "contact" : [{
    "name" : "HL7 Europe",
    "telecom" : [{
      "system" : "url",
      "value" : "http://hl7.eu"
    }]
  }],
  "description" : "eHN Result Model to this guide Map",
  "jurisdiction" : [{
    "coding" : [{
      "system" : "http://unstats.un.org/unsd/methods/m49/m49.htm",
      "code" : "150",
      "display" : "Europe"
    }]
  }],
  "purpose" : "It shows how the Result data set defined by the EU eHN guidelines is mapped into this guide",
  "copyright" : "Used by permission of HL7 Europe, all rights reserved Creative Commons License",
  "sourceUri" : "http://hl7.eu/fhir/laboratory/StructureDefinition/Result",
  "targetUri" : "http://hl7.eu/fhir/laboratory/StructureDefinition/Bundle-eu-lab",
  "group" : [{
    "source" : "http://hl7.eu/fhir/laboratory/StructureDefinition/Result",
    "target" : "http://hl7.eu/fhir/laboratory/StructureDefinition/Observation-resultslab-eu-lab",
    "element" : [{
      "code" : "Result.narrative",
      "display" : "A.5.1 Laboratory report narrative",
      "target" : [{
        "equivalence" : "unmatched"
      }]
    },
    {
      "code" : "Result.narrative.report",
      "display" : "A.5.1.1 Narrative report",
      "target" : [{
        "equivalence" : "unmatched"
      }]
    },
    {
      "code" : "Result.narrative.notes",
      "display" : "A.5.1.2 Comments, interpretation and recommendations",
      "target" : [{
        "equivalence" : "unmatched"
      }]
    },
    {
      "code" : "Result.observation",
      "display" : "A.5.2 Observation details",
      "target" : [{
        "code" : "Observation",
        "equivalence" : "equivalent"
      }]
    },
    {
      "code" : "Result.observation.dateTime",
      "display" : "A.5.2.1 Observation date",
      "target" : [{
        "code" : "Observation.effective[x]",
        "equivalence" : "equivalent",
        "comment" : "intended as the clinical relevant time (i.e. when the specimen was collected)"
      }]
    },
    {
      "code" : "Result.observation.dateTime",
      "display" : "A.5.2.1 Observation date",
      "target" : [{
        "code" : "Observation.issued",
        "equivalence" : "equivalent",
        "comment" : "as the date the result is made available."
      }]
    },
    {
      "code" : "Result.observation.code",
      "display" : "A.5.2.3 Observation code",
      "target" : [{
        "code" : "Observation.code",
        "equivalence" : "relatedto",
        "comment" : "depends on the type of test"
      }]
    },
    {
      "code" : "Result.observation.code",
      "display" : "A.5.2.3 Observation code",
      "target" : [{
        "code" : "Observation.hasMember.code",
        "equivalence" : "relatedto",
        "comment" : "depends on the type of test"
      }]
    },
    {
      "code" : "Result.observation.code",
      "display" : "A.5.2.3 Observation code",
      "target" : [{
        "code" : "Observation.component.code",
        "equivalence" : "relatedto",
        "comment" : "depends on the type of test"
      }]
    },
    {
      "code" : "Result.observation.code.name",
      "display" : "A.5.2.3.1 Observation name",
      "target" : [{
        "code" : "Observation.code.coding.display",
        "equivalence" : "equivalent",
        "comment" : "The mapping refers to the case 'code' mapped to Observation.code. A similar mapping applies to the other cases.\nThis element typically  represents the 'full specified  name' designation, compared to the 'short name' of the 'A.5.2.3.3 Observation display name' element.\nIt is not expected that both designations are recorded in the report; consumers can use in fact terminology services and/or lookup tables to allow users to have different displays for the same coded concept."
      }]
    },
    {
      "code" : "Result.observation.code.originalName",
      "display" : "A.5.2.3.2 Observation original name",
      "target" : [{
        "code" : "Observation.code.text",
        "equivalence" : "equivalent",
        "comment" : "The mapping refers to the case 'code' mapped to Observation.code. A similar mapping applies to the other cases."
      }]
    },
    {
      "code" : "Result.observation.code.displayName",
      "display" : "A.5.2.3.3 Observation display name",
      "target" : [{
        "code" : "Observation.code.coding.display",
        "equivalence" : "equivalent",
        "comment" : "The mapping refers to the case 'code' mapped to Observation.code. A similar mapping applies to the other cases.\nThis element typically  represents the' short name' designation, compared to the 'full specified name' of the 'A.5.2.3.1 Observation name' element.\nIt is not expected that both designations are recorded in the report; consumers can use in fact terminology services and/or lookup tables to allow users to have different displays for the same coded concept."
      }]
    },
    {
      "code" : "Result.observation.method",
      "display" : "A.5.2.4 Observation method",
      "target" : [{
        "code" : "Observation.method",
        "equivalence" : "equivalent"
      }]
    },
    {
      "code" : "Result.observation.device",
      "display" : "A.5.2.5 Observation device",
      "target" : [{
        "code" : "Observation.device",
        "equivalence" : "relatedto",
        "comment" : "When it refers to the measuring device, including kits, and device of type Device"
      }]
    },
    {
      "code" : "Result.observation.device",
      "display" : "A.5.2.5 Observation device",
      "target" : [{
        "code" : "Observation.device.device",
        "equivalence" : "relatedto",
        "comment" : "When it refers to the measuring device and device of type DeviceMeasure"
      }]
    },
    {
      "code" : "Result.observation.device",
      "display" : "A.5.2.5 Observation device",
      "target" : [{
        "code" : "Observation.device",
        "equivalence" : "relatedto",
        "comment" : "With device of type DeviceMeasure.\nThis resource can be used to capture some information about the setting (including calibration)"
      }]
    },
    {
      "code" : "Result.observation.order",
      "display" : "A.5.2.8 Order",
      "target" : [{
        "code" : "Observation.basedOn",
        "equivalence" : "equivalent"
      }]
    },
    {
      "code" : "Result.observation.performer",
      "display" : "A.5.2.9 Performer",
      "target" : [{
        "code" : "Observation.performer",
        "equivalence" : "equivalent"
      }]
    },
    {
      "code" : "Result.observation.reporter",
      "display" : "A.5.2.10 Reporter",
      "target" : [{
        "code" : "Observation.performer",
        "equivalence" : "relatedto",
        "comment" : "For interpreter: performer.extension:performerFunction = AUT (author)\nIf the person responsible for validation:  performer.extension:performerFunction = AUTHEN or LA"
      }]
    },
    {
      "code" : "Result.observation.result",
      "display" : "A.5.2.11 Observation result",
      "target" : [{
        "code" : "Observation.value[x]",
        "equivalence" : "equivalent",
        "comment" : "depends on the type of test"
      }]
    },
    {
      "code" : "Result.observation.result",
      "display" : "A.5.2.11 Observation result",
      "target" : [{
        "code" : "Observation.component.value[x]",
        "equivalence" : "equivalent",
        "comment" : "depends on the type of test"
      }]
    },
    {
      "code" : "Result.observation.interpretation",
      "display" : "A.5.2.12 Observation interpretation",
      "target" : [{
        "code" : "Observation.interpretation",
        "equivalence" : "equivalent",
        "comment" : "depends on the type of test"
      }]
    },
    {
      "code" : "Result.observation.interpretation",
      "display" : "A.5.2.12 Observation interpretation",
      "target" : [{
        "code" : "Observation.component.interpretation",
        "equivalence" : "equivalent",
        "comment" : "depends on the type of test"
      }]
    },
    {
      "code" : "Result.observation.description",
      "display" : "A.5.2.13 Result description",
      "target" : [{
        "code" : "Observation.text",
        "equivalence" : "relatedto"
      }]
    },
    {
      "code" : "Result.observation.accreditationStatus",
      "display" : "A.5.2.14 Accreditation status",
      "target" : [{
        "code" : "Observation.performer.qualification",
        "equivalence" : "relatedto",
        "comment" : "performer ofType PractitionerRole"
      }]
    },
    {
      "code" : "Result.observation.accreditationStatus",
      "display" : "A.5.2.14 Accreditation status",
      "target" : [{
        "code" : "Observation.performer.organization.qualification",
        "equivalence" : "relatedto",
        "comment" : "performer ofType Organization"
      }]
    }]
  },
  {
    "source" : "http://hl7.eu/fhir/laboratory/StructureDefinition/Result",
    "target" : "http://hl7.eu/fhir/laboratory/StructureDefinition/DiagnosticReport-eu-lab",
    "element" : [{
      "code" : "Result.narrative",
      "display" : "A.5.1 Laboratory report narrative",
      "target" : [{
        "code" : "DiagnosticReport",
        "equivalence" : "relatedto"
      }]
    },
    {
      "code" : "Result.narrative.report",
      "display" : "A.5.1.1 Narrative report",
      "target" : [{
        "code" : "DiagnosticReport.text",
        "equivalence" : "relatedto"
      }]
    },
    {
      "code" : "Result.narrative.notes",
      "display" : "A.5.1.2 Comments, interpretation and recommendations",
      "target" : [{
        "code" : "DiagnosticReport.conclusion",
        "equivalence" : "relatedto",
        "comment" : "if related to the overall report conclusions"
      }]
    },
    {
      "code" : "Result.observation",
      "display" : "A.5.2 Observation details",
      "target" : [{
        "code" : "DiagnosticReport.result",
        "equivalence" : "relatedto",
        "comment" : "see details in the Observation group"
      }]
    },
    {
      "code" : "Result.observation.dateTime",
      "display" : "A.5.2.1 Observation date",
      "target" : [{
        "code" : "DiagnosticReport.result",
        "equivalence" : "relatedto",
        "comment" : "see details in the Observation group"
      }]
    },
    {
      "code" : "Result.observation.code",
      "display" : "A.5.2.3 Observation code",
      "target" : [{
        "code" : "DiagnosticReport.result",
        "equivalence" : "relatedto",
        "comment" : "see details in the Observation group"
      }]
    },
    {
      "code" : "Result.observation.code.name",
      "display" : "A.5.2.3.1 Observation name",
      "target" : [{
        "code" : "DiagnosticReport.result",
        "equivalence" : "relatedto",
        "comment" : "see details in the Observation group"
      }]
    },
    {
      "code" : "Result.observation.code.originalName",
      "display" : "A.5.2.3.2 Observation original name",
      "target" : [{
        "code" : "DiagnosticReport.result",
        "equivalence" : "relatedto",
        "comment" : "see details in the Observation group"
      }]
    },
    {
      "code" : "Result.observation.code.displayName",
      "display" : "A.5.2.3.3 Observation display name",
      "target" : [{
        "code" : "DiagnosticReport.result",
        "equivalence" : "relatedto",
        "comment" : "see details in the Observation group"
      }]
    },
    {
      "code" : "Result.observation.method",
      "display" : "A.5.2.4 Observation method",
      "target" : [{
        "code" : "DiagnosticReport.result",
        "equivalence" : "relatedto",
        "comment" : "see details in the Observation group"
      }]
    },
    {
      "code" : "Result.observation.device",
      "display" : "A.5.2.5 Observation device",
      "target" : [{
        "code" : "DiagnosticReport.result",
        "equivalence" : "relatedto",
        "comment" : "see details in the Observation group"
      }]
    },
    {
      "code" : "Result.observation.order",
      "display" : "A.5.2.8 Order",
      "target" : [{
        "code" : "DiagnosticReport.result",
        "equivalence" : "relatedto",
        "comment" : "see details in the Observation group"
      }]
    },
    {
      "code" : "Result.observation.performer",
      "display" : "A.5.2.9 Performer",
      "target" : [{
        "code" : "DiagnosticReport.result",
        "equivalence" : "relatedto",
        "comment" : "see details in the Observation group"
      }]
    },
    {
      "code" : "Result.observation.reporter",
      "display" : "A.5.2.10 Reporter",
      "target" : [{
        "code" : "DiagnosticReport.result",
        "equivalence" : "relatedto",
        "comment" : "see details in the Observation group"
      }]
    },
    {
      "code" : "Result.observation.result",
      "display" : "A.5.2.11 Observation result",
      "target" : [{
        "code" : "DiagnosticReport.result",
        "equivalence" : "relatedto",
        "comment" : "see details in the Observation group"
      }]
    },
    {
      "code" : "Result.observation.interpretation",
      "display" : "A.5.2.12 Observation interpretation",
      "target" : [{
        "code" : "DiagnosticReport.result",
        "equivalence" : "relatedto",
        "comment" : "see details in the Observation group"
      }]
    },
    {
      "code" : "Result.observation.description",
      "display" : "A.5.2.13 Result description",
      "target" : [{
        "code" : "DiagnosticReport.result",
        "equivalence" : "relatedto",
        "comment" : "see details in the Observation group"
      }]
    },
    {
      "code" : "Result.observation.accreditationStatus",
      "display" : "A.5.2.14 Accreditation status",
      "target" : [{
        "code" : "DiagnosticReport.result",
        "equivalence" : "relatedto",
        "comment" : "see details in the Observation group"
      }]
    }]
  },
  {
    "source" : "http://hl7.eu/fhir/laboratory/StructureDefinition/Result",
    "target" : "http://hl7.eu/fhir/laboratory/StructureDefinition/Composition-eu-lab",
    "element" : [{
      "code" : "Result.narrative",
      "display" : "A.5.1 Laboratory report narrative",
      "target" : [{
        "code" : "Composition",
        "equivalence" : "relatedto"
      }]
    },
    {
      "code" : "Result.narrative.report",
      "display" : "A.5.1.1 Narrative report",
      "target" : [{
        "code" : "Composition.text",
        "equivalence" : "relatedto"
      }]
    },
    {
      "code" : "Result.narrative.report",
      "display" : "A.5.1.1 Narrative report",
      "target" : [{
        "code" : "Composition.section:lab-no-subsections.text",
        "equivalence" : "relatedto",
        "comment" : "if single section"
      }]
    },
    {
      "code" : "Result.narrative.report",
      "display" : "A.5.1.1 Narrative report",
      "target" : [{
        "code" : "Composition.section:lab-subsections.section.text",
        "equivalence" : "relatedto",
        "comment" : "if multiple sections"
      }]
    },
    {
      "code" : "Result.narrative.notes",
      "display" : "A.5.1.2 Comments, interpretation and recommendations",
      "target" : [{
        "code" : "Composition.section:lab-no-subsections.text",
        "equivalence" : "relatedto",
        "comment" : "if single section"
      }]
    },
    {
      "code" : "Result.narrative.notes",
      "display" : "A.5.1.2 Comments, interpretation and recommendations",
      "target" : [{
        "code" : "Composition.section:lab-subsections.section.text",
        "equivalence" : "relatedto",
        "comment" : "if multiple sections"
      }]
    },
    {
      "code" : "Result.observation",
      "display" : "A.5.2 Observation details",
      "target" : [{
        "code" : "Composition.section:lab-no-subsections.entry",
        "equivalence" : "relatedto",
        "comment" : "if single section"
      }]
    },
    {
      "code" : "Result.observation",
      "display" : "A.5.2 Observation details",
      "target" : [{
        "code" : "Composition.section:lab-subsections.section.entry",
        "equivalence" : "relatedto",
        "comment" : "if multiple sections"
      }]
    },
    {
      "code" : "Result.observation.dateTime",
      "display" : "A.5.2.1 Observation date",
      "target" : [{
        "code" : "Composition.section:lab-no-subsections.entry",
        "equivalence" : "relatedto",
        "comment" : "see details in the Observation group"
      }]
    },
    {
      "code" : "Result.observation.code",
      "display" : "A.5.2.3 Observation code",
      "target" : [{
        "code" : "Composition.section:lab-no-subsections.entry",
        "equivalence" : "relatedto",
        "comment" : "see details in the Observation group"
      }]
    },
    {
      "code" : "Result.observation.code.name",
      "display" : "A.5.2.3.1 Observation name",
      "target" : [{
        "code" : "Composition.section:lab-no-subsections.entry",
        "equivalence" : "relatedto",
        "comment" : "see details in the Observation group"
      }]
    },
    {
      "code" : "Result.observation.code.originalName",
      "display" : "A.5.2.3.2 Observation original name",
      "target" : [{
        "code" : "Composition.section:lab-no-subsections.entry",
        "equivalence" : "relatedto",
        "comment" : "see details in the Observation group"
      }]
    },
    {
      "code" : "Result.observation.code.displayName",
      "display" : "A.5.2.3.3 Observation display name",
      "target" : [{
        "code" : "Composition.section:lab-no-subsections.entry",
        "equivalence" : "relatedto",
        "comment" : "see details in the Observation group"
      }]
    },
    {
      "code" : "Result.observation.method",
      "display" : "A.5.2.4 Observation method",
      "target" : [{
        "code" : "Composition.section:lab-no-subsections.entry",
        "equivalence" : "relatedto",
        "comment" : "see details in the Observation group"
      }]
    },
    {
      "code" : "Result.observation.device",
      "display" : "A.5.2.5 Observation device",
      "target" : [{
        "code" : "Composition.section:lab-no-subsections.entry",
        "equivalence" : "relatedto",
        "comment" : "see details in the Observation group"
      }]
    },
    {
      "code" : "Result.observation.order",
      "display" : "A.5.2.8 Order",
      "target" : [{
        "code" : "Composition.section:lab-no-subsections.entry",
        "equivalence" : "relatedto",
        "comment" : "see details in the Observation group"
      }]
    },
    {
      "code" : "Result.observation.performer",
      "display" : "A.5.2.9 Performer",
      "target" : [{
        "code" : "Composition.section:lab-no-subsections.entry",
        "equivalence" : "relatedto",
        "comment" : "see details in the Observation group"
      }]
    },
    {
      "code" : "Result.observation.reporter",
      "display" : "A.5.2.10 Reporter",
      "target" : [{
        "code" : "Composition.section:lab-no-subsections.entry",
        "equivalence" : "relatedto",
        "comment" : "see details in the Observation group"
      }]
    },
    {
      "code" : "Result.observation.result",
      "display" : "A.5.2.11 Observation result",
      "target" : [{
        "code" : "Composition.section:lab-no-subsections.entry",
        "equivalence" : "relatedto",
        "comment" : "see details in the Observation group"
      }]
    },
    {
      "code" : "Result.observation.interpretation",
      "display" : "A.5.2.12 Observation interpretation",
      "target" : [{
        "code" : "Composition.section:lab-no-subsections.entry",
        "equivalence" : "relatedto",
        "comment" : "see details in the Observation group"
      }]
    },
    {
      "code" : "Result.observation.description",
      "display" : "A.5.2.13 Result description",
      "target" : [{
        "code" : "Composition.section:lab-no-subsections.entry",
        "equivalence" : "relatedto",
        "comment" : "see details in the Observation group"
      }]
    },
    {
      "code" : "Result.observation.accreditationStatus",
      "display" : "A.5.2.14 Accreditation status",
      "target" : [{
        "code" : "Composition.section:lab-no-subsections.entry",
        "equivalence" : "relatedto",
        "comment" : "see details in the Observation group"
      }]
    }]
  }]
}