{
  "resourceType" : "ValueSet",
  "id" : "lab-studyType-eu-lab",
  "text" : {
    "status" : "generated",
    "div" : "<div xmlns=\"http://www.w3.org/1999/xhtml\"><p class=\"res-header-id\"><b>Generated Narrative: ValueSet lab-studyType-eu-lab</b></p><a name=\"lab-studyType-eu-lab\"> </a><a name=\"hclab-studyType-eu-lab\"> </a><a name=\"lab-studyType-eu-lab-en-US\"> </a><ul><li>Include these codes as defined in <a href=\"http://loinc.org\"><code>http://loinc.org</code></a><table class=\"none\"><tr><td style=\"white-space:nowrap\"><b>Code</b></td><td><b>Display</b></td></tr><tr><td><a href=\"https://loinc.org/18717-9/\">18717-9</a></td><td>Blood bank studies (set)</td></tr><tr><td><a href=\"https://loinc.org/18719-5/\">18719-5</a></td><td>Chemistry studies (set)</td></tr><tr><td><a href=\"https://loinc.org/18722-9/\">18722-9</a></td><td>Fertility studies (set)</td></tr><tr><td><a href=\"https://loinc.org/18723-7/\">18723-7</a></td><td>Hematology studies (set)</td></tr><tr><td><a href=\"https://loinc.org/18725-2/\">18725-2</a></td><td>Microbiology studies (set)</td></tr><tr><td><a href=\"https://loinc.org/18728-6/\">18728-6</a></td><td>Toxicology studies (set)</td></tr><tr><td><a href=\"https://loinc.org/26436-6/\">26436-6</a></td><td>Laboratory studies (set)</td></tr></table></li></ul></div>"
  },
  "extension" : [{
    "url" : "http://hl7.org/fhir/StructureDefinition/structuredefinition-fmm",
    "valueInteger" : 2
  },
  {
    "url" : "http://hl7.org/fhir/StructureDefinition/structuredefinition-standards-status",
    "valueCode" : "trial-use"
  }],
  "url" : "http://hl7.eu/fhir/laboratory/ValueSet/lab-studyType-eu-lab",
  "version" : "0.2.0-ci",
  "name" : "LabStudyTypesEuVs",
  "title" : "Laboratory Study Types",
  "status" : "draft",
  "experimental" : false,
  "date" : "2024-11-18T16:52:16+00:00",
  "publisher" : "HL7 Europe",
  "contact" : [{
    "name" : "HL7 Europe",
    "telecom" : [{
      "system" : "url",
      "value" : "http://hl7.eu"
    }]
  }],
  "description" : "Laboratory Study Types\nNotes:\nNote 1:26436-6 (Laboratory studies) enables issuing a report putting together observations from multiple specialties (disciplines) in the same text block, allowing delivery of a global interpretation comment at the end of the text block that will be rendered at the end of the report.\nNote 2:Mycology and parasitology, as well as bacteriology, are part of the 18725-2 (Microbiology studies (set)) studies.\nNote 3:Virology MAY be included in 18725-2 (MICROBIOLOGY STUDIES) or 18727-8 (SEROLOGY STUDIES) or split between both study types, depending upon the Content Creator Actor’s choice.",
  "jurisdiction" : [{
    "coding" : [{
      "system" : "http://unstats.un.org/unsd/methods/m49/m49.htm",
      "code" : "150",
      "display" : "Europe"
    }]
  }],
  "copyright" : "This material contains content from LOINC (http://loinc.org). LOINC is copyright © 1995-2020, Regenstrief Institute, Inc. and the Logical Observation Identifiers Names and Codes (LOINC) Committee and is available at no cost under the license at http://loinc.org/license. LOINC® is a registered United States trademark of Regenstrief Institute, Inc",
  "compose" : {
    "include" : [{
      "system" : "http://loinc.org",
      "concept" : [{
        "code" : "18717-9",
        "display" : "Blood bank studies (set)"
      },
      {
        "code" : "18719-5",
        "display" : "Chemistry studies (set)"
      },
      {
        "code" : "18722-9",
        "display" : "Fertility studies (set)"
      },
      {
        "code" : "18723-7",
        "display" : "Hematology studies (set)"
      },
      {
        "code" : "18725-2",
        "display" : "Microbiology studies (set)"
      },
      {
        "code" : "18728-6",
        "display" : "Toxicology studies (set)"
      },
      {
        "code" : "26436-6",
        "display" : "Laboratory studies (set)"
      }]
    }]
  }
}