"Id","Path","Slice Name","Alias(s)","Label","Min","Max","Must Support?","Is Modifier?","Is Summary?","Type(s)","Short","Definition","Comments","Requirements","Default Value","Meaning When Missing","Fixed Value","Pattern","Example","Minimum Value","Maximum Value","Maximum Length","Binding Strength","Binding Description","Binding Value Set","Code","Slicing Discriminator","Slicing Description","Slicing Ordered","Slicing Rules","Base Path","Base Min","Base Max","Condition(s)","Constraint(s)"
"LegalAuthenticator","LegalAuthenticator","","","",0,*,"","","","null {[]} {[]}
","A.1.6 - Legal authenticator","Legal authenticator (The person taking responsibility for the medical content of the document).
Section A1.6 of the eHN guideline.","","","","","","","","","",,,,,"",,,,"Base",0,*,"",""
"LegalAuthenticator.identifier","LegalAuthenticator.identifier","","","",0,1,"","","","Identifier {[]} {[]}
","A.1.6.1 Legal authenticator identifier","The health professional identification number. Either an internal identifier assigned by a healthcare provider institution or (preferably) a national health professional ID such as the license or registration number.  - Preferred system(s):","","","","","","","","","",,,,,"",,,,"LegalAuthenticator.identifier",0,1,"",""
"LegalAuthenticator.name","LegalAuthenticator.name","","","",0,*,"","","","HumanName {[]} {[]}
","A.1.6.2 Legal authenticator name","Person name. - Preferred system(s):","","","","","","","","","",,,,,"",,,,"LegalAuthenticator.name",0,*,"",""
"LegalAuthenticator.organization","LegalAuthenticator.organization","","","",0,*,"","","","Organization {[]} {[]}
","A.1.6.3 Legal authenticator organization","The healthcare provider organization information. - Preferred system(s):","","","","","","","","","",,,,,"",,,,"LegalAuthenticator.organization",0,*,"",""
"LegalAuthenticator.dateTime","LegalAuthenticator.dateTime","","","",0,1,"","","","dateTime {[]} {[]}
","A.1.6.4 Authentication date and time","Date and time when the document was authorized. - Preferred system(s): ISO 8601","","","","","","","","","",,,,,"",,,,"LegalAuthenticator.dateTime",0,1,"",""
