"Id","Path","Slice Name","Alias(s)","Label","Min","Max","Must Support?","Is Modifier?","Is Summary?","Type(s)","Short","Definition","Comments","Requirements","Default Value","Meaning When Missing","Fixed Value","Pattern","Example","Minimum Value","Maximum Value","Maximum Length","Binding Strength","Binding Description","Binding Value Set","Code","Slicing Discriminator","Slicing Description","Slicing Ordered","Slicing Rules","Base Path","Base Min","Base Max","Condition(s)","Constraint(s)"
"Author","Author","","","",0,*,"","","","null {[]} {[]}
","A.1.5 - Author","Author (by whom the Laboratory result report or a subset of its results was authored). Section A1.5 of the eHN guideline.","","","","","","","","","",,,,,"",,,,"Base",0,*,"",""
"Author.identifier","Author.identifier","","","",0,1,"","","","Identifier {[]} {[]}
","A.1.5.1 Author identifier","The health professional or authoring device identification number. Either an internal identifier assigned by a healthcare provider institution or (preferably) a national health professional ID such as the license or registration number.  - Preferred system(s):","","","","","","","","","",,,,,"",,,,"Author.identifier",0,1,"",""
"Author.name","Author.name","","","",0,*,"","","","HumanName {[]} {[]}
","A.1.5.2 Author name","Person or device name. - Preferred system(s):","","","","","","","","","",,,,,"",,,,"Author.name",0,*,"",""
"Author.organization","Author.organization","","","",0,*,"","","","Organization {[]} {[]}
","A.1.5.3 Author organization","The healthcare provider organization information. - Preferred system(s):","","","","","","","","","",,,,,"",,,,"Author.organization",0,*,"",""
