"Id","Path","Slice Name","Alias(s)","Label","Min","Max","Must Support?","Is Modifier?","Is Summary?","Type(s)","Short","Definition","Comments","Requirements","Default Value","Meaning When Missing","Fixed Value","Pattern","Example","Minimum Value","Maximum Value","Maximum Length","Binding Strength","Binding Description","Binding Value Set","Code","Slicing Discriminator","Slicing Description","Slicing Ordered","Slicing Rules","Base Path","Base Min","Base Max","Condition(s)","Constraint(s)"
"Validator","Validator","","","",0,*,"","","","null {[]} {[]}
","A.1.7 - Result validator","Result validator. Section A1.7 of the eHN guideline.","","","","","","","","","",,,,,"",,,,"Base",0,*,"",""
"Validator.identifier","Validator.identifier","","","",0,1,"","","","Identifier {[]} {[]}
","A.1.7.1 Result validator identifier","The health professional identification number. Either an internal identifier assign by a healthcare provider institution or (preferably) a national health professional ID such as the license or registration number.  - Preferred system(s):","","","","","","","","","",,,,,"",,,,"Validator.identifier",0,1,"",""
"Validator.name","Validator.name","","","",0,*,"","","","HumanName {[]} {[]}
","A.1.7.2 Result validator name","Person name. - Preferred system(s):","","","","","","","","","",,,,,"",,,,"Validator.name",0,*,"",""
"Validator.organization","Validator.organization","","","",0,*,"","","","Organization {[]} {[]}
","A.1.7.3 Result validator organisation","The healthcare provider organisation information. - Preferred system(s):","","","","","","","","","",,,,,"",,,,"Validator.organization",0,*,"",""
"Validator.dateTime","Validator.dateTime","","","",0,1,"","","","dateTime {[]} {[]}
","A.1.7.4 Validation date and time","Date and time when the document was validated. - Preferred system(s): ISO 8601","","","","","","","","","",,,,,"",,,,"Validator.dateTime",0,1,"",""
