"Id","Path","Slice Name","Alias(s)","Label","Min","Max","Must Support?","Is Modifier?","Is Summary?","Type(s)","Short","Definition","Comments","Requirements","Default Value","Meaning When Missing","Fixed Value","Pattern","Example","Minimum Value","Maximum Value","Maximum Length","Binding Strength","Binding Description","Binding Value Set","Code","Slicing Discriminator","Slicing Description","Slicing Ordered","Slicing Rules","Base Path","Base Min","Base Max","Condition(s)","Constraint(s)"
"SpecimenLab","SpecimenLab","","","",0,*,"","","","null {[]} {[]}
","A.4 - Specimen information","Specimen information. Section A4 of the eHN guideline.","","","","","","","","","",,,,,"",,,,"Base",0,*,"",""
"SpecimenLab.identifier","SpecimenLab.identifier","","","",0,1,"","","","Identifier {[]} {[]}
","A.4.1 Specimen identifier","An identifier of the specimen which is unique within in a defined scope. Example: identifier assigned by Specimening system, identifier assigned by laboratory etc. Multiple identifiers can be used. - Preferred system(s):","","","","","","","","","",,,,,"",,,,"SpecimenLab.identifier",0,1,"",""
"SpecimenLab.speciesType","SpecimenLab.speciesType","","","",0,*,"","","","CodeableConcept {[]} {[]}
","A.4.2 Type of species","Biologic type of species for laboratory result reports bound to non-human subjects. - Preferred system(s): SNOMED CT","","","","","","","","","",,,,,"",,,,"SpecimenLab.speciesType",0,*,"",""
"SpecimenLab.material","SpecimenLab.material","","","",0,*,"","","","CodeableConcept {[]} {[]}
","A.4.3 Material","Specimen material. - Preferred system(s): SNOMED CT","","","","","","","","","",,,,,"",,,,"SpecimenLab.material",0,*,"",""
"SpecimenLab.collected","SpecimenLab.collected","","","",0,*,"","","","dateTime {[]} {[]}
","A.4.4 Collection period","Collection date time or period. - Preferred system(s): ISO 8601","","","","","","","","","",,,,,"",,,,"SpecimenLab.collected",0,*,"",""
"SpecimenLab.anatomicLocation","SpecimenLab.anatomicLocation","","","",0,*,"","","","CodeableConcept {[]} {[]}
","A.4.5 Anatomic location","Anatomic location (body location, laterality) where the material is collected, e.g. Elbow, left - Preferred system(s): SNOMED CT","","","","","","","","","",,,,,"",,,,"SpecimenLab.anatomicLocation",0,*,"",""
"SpecimenLab.morphology","SpecimenLab.morphology","","","",0,*,"","","","CodeableConcept {[]} {[]}
","A.4.6 Morphology","Morphological abnormalities of the anatomical location where the material is taken, for example wound, ulcer. - Preferred system(s): SNOMED CT","","","","","","","","","",,,,,"",,,,"SpecimenLab.morphology",0,*,"",""
"SpecimenLab.sourceDevice","SpecimenLab.sourceDevice","","","",0,*,"","","","CodeableConcept {[]} {[]}
","A.4.7 Source Device","If the material is not collected directly from the patient but comes from a patient-related object, e.g. a catheter
 - Preferred system(s): SNOMED CT
 - Preferred system(s): EMDN","","","","","","","","","",,,,,"",,,,"SpecimenLab.sourceDevice",0,*,"",""
"SpecimenLab.collectionMethod","SpecimenLab.collectionMethod","","","",0,*,"","","","CodeableConcept {[]} {[]}
","A.4.8 Collection procedure/method","If relevant for the results, the method of obtaining the specimen. - Preferred system(s): SNOMED CT","","","","","","","","","",,,,,"",,,,"SpecimenLab.collectionMethod",0,*,"",""
"SpecimenLab.receivedDateTime","SpecimenLab.receivedDateTime","","","",0,*,"","","","dateTime {[]} {[]}
","A.4.9 Received date","Date and time that the material is handed over at the laboratory or specimen collection centre. - Preferred system(s): ISO 8601","","","","","","","","","",,,,,"",,,,"SpecimenLab.receivedDateTime",0,*,"",""
