{
  "resourceType" : "StructureDefinition",
  "id" : "9b909da1-c5bf-4b1a-aa39-38e4f1561517-72",
  "url" : "http://hl7.org/fhir/comparison/StructureDefinition/9b909da1-c5bf-4b1a-aa39-38e4f1561517-72",
  "name" : "IntersectionRatioEuLabAndRatioEuLab",
  "title" : "Intersection of Ratio (Eu Lab) And Ratio (Eu Lab)",
  "status" : "active",
  "date" : "2024-11-18T16:53:34+00:00",
  "jurisdiction" : [{
    "coding" : [{
      "system" : "http://unstats.un.org/unsd/methods/m49/m49.htm",
      "code" : "150",
      "display" : "Europe"
    }]
  }],
  "snapshot" : {
    "element" : [{
      "path" : "Ratio",
      "short" : "A measured ratio using UCUM",
      "definition" : "A measured ratio (or a ratio that can potentially be measured) and uncertainty of the measurement. This profile imposes that the code system for units be UCUM.",
      "comment" : "The Ratio datatype should only be used to express a relationship of two numbers if the relationship cannot be suitably expressed using a Quantity and a common unit.  Where the denominator value is known to be fixed to \"1\", Quantity should be used instead of Ratio.",
      "min" : 0,
      "max" : "*",
      "constraint" : [{
        "extension" : [{
          "url" : "http://hl7.org/fhir/4.0/StructureDefinition/extension-ElementDefinition.constraint.xpath",
          "valueString" : "@value|f:*|h:div"
        }],
        "key" : "ele-1",
        "severity" : "error",
        "human" : "All FHIR elements must have a @value or children",
        "expression" : "hasValue() or (children().count() > id.count())",
        "source" : "http://hl7.org/fhir/StructureDefinition/Element"
      },
      {
        "extension" : [{
          "url" : "http://hl7.org/fhir/4.0/StructureDefinition/extension-ElementDefinition.constraint.xpath",
          "valueString" : "(count(f:numerator) = count(f:denominator)) and ((count(f:numerator) > 0) or (count(f:extension) > 0))"
        }],
        "key" : "rat-1",
        "severity" : "error",
        "human" : "Numerator and denominator SHALL both be present, or both are absent. If both are absent, there SHALL be some extension present",
        "expression" : "(numerator.empty() xor denominator.exists()) and (numerator.exists() or extension.exists())",
        "source" : "http://hl7.org/fhir/StructureDefinition/Ratio"
      }],
      "mustSupport" : false,
      "isModifier" : false,
      "isSummary" : false,
      "mapping" : [{
        "identity" : "rim",
        "map" : "n/a"
      },
      {
        "identity" : "v2",
        "map" : "N/A"
      },
      {
        "identity" : "rim",
        "map" : "RTO"
      }]
    },
    {
      "path" : "Ratio.id",
      "representation" : ["xmlAttr"],
      "short" : "Unique id for inter-element referencing",
      "definition" : "Unique id for the element within a resource (for internal references). This may be any string value that does not contain spaces.",
      "min" : 0,
      "max" : "1",
      "type" : [{
        "extension" : [{
          "url" : "http://hl7.org/fhir/StructureDefinition/structuredefinition-fhir-type",
          "valueUrl" : "string"
        }],
        "code" : "http://hl7.org/fhirpath/System.String"
      }],
      "mustSupport" : false,
      "isModifier" : false,
      "isSummary" : false,
      "mapping" : [{
        "identity" : "rim",
        "map" : "n/a"
      }]
    },
    {
      "path" : "Ratio.extension",
      "short" : "Additional content defined by implementations",
      "definition" : "May be used to represent additional information that is not part of the basic definition of the element. To make the use of extensions safe and manageable, there is a strict set of governance  applied to the definition and use of extensions. Though any implementer can define an extension, there is a set of requirements that SHALL be met as part of the definition of the extension.",
      "comment" : "There can be no stigma associated with the use of extensions by any application, project, or standard - regardless of the institution or jurisdiction that uses or defines the extensions.  The use of extensions is what allows the FHIR specification to retain a core level of simplicity for everyone.",
      "alias" : ["extensions",
      "user content"],
      "min" : 0,
      "max" : "*",
      "type" : [{
        "code" : "Extension"
      }],
      "constraint" : [{
        "extension" : [{
          "url" : "http://hl7.org/fhir/4.0/StructureDefinition/extension-ElementDefinition.constraint.xpath",
          "valueString" : "@value|f:*|h:div"
        }],
        "key" : "ele-1",
        "severity" : "error",
        "human" : "All FHIR elements must have a @value or children",
        "expression" : "hasValue() or (children().count() > id.count())",
        "source" : "http://hl7.org/fhir/StructureDefinition/Element"
      },
      {
        "extension" : [{
          "url" : "http://hl7.org/fhir/4.0/StructureDefinition/extension-ElementDefinition.constraint.xpath",
          "valueString" : "exists(f:extension)!=exists(f:*[starts-with(local-name(.), \"value\")])"
        }],
        "key" : "ext-1",
        "severity" : "error",
        "human" : "Must have either extensions or value[x], not both",
        "expression" : "extension.exists() != value.exists()",
        "source" : "http://hl7.org/fhir/StructureDefinition/Extension"
      }],
      "mustSupport" : false,
      "isModifier" : false,
      "isSummary" : false,
      "mapping" : [{
        "identity" : "rim",
        "map" : "n/a"
      }]
    },
    {
      "path" : "Ratio.numerator",
      "short" : "A measured amount using UCUM",
      "definition" : "A measured amount (or an amount that can potentially be measured). Note that measured amounts include amounts that are not precisely quantified, including amounts involving arbitrary units and floating currencies.\r\nThis profile imposes that the code system for units be UCUM.",
      "comment" : "The context of use may frequently define what kind of quantity this is and therefore what kind of units can be used. The context of use may also restrict the values for the comparator.",
      "min" : 0,
      "max" : "1",
      "type" : [{
        "code" : "Quantity",
        "profile" : ["http://hl7.org/fhir/uv/ips/StructureDefinition/Quantity-uv-ips",
        "#sd-Quantity-uv-ips-Quantity-uv-ips"]
      }],
      "constraint" : [{
        "extension" : [{
          "url" : "http://hl7.org/fhir/4.0/StructureDefinition/extension-ElementDefinition.constraint.xpath",
          "valueString" : "@value|f:*|h:div"
        }],
        "key" : "ele-1",
        "severity" : "error",
        "human" : "All FHIR elements must have a @value or children",
        "expression" : "hasValue() or (children().count() > id.count())",
        "source" : "http://hl7.org/fhir/StructureDefinition/Element"
      },
      {
        "extension" : [{
          "url" : "http://hl7.org/fhir/4.0/StructureDefinition/extension-ElementDefinition.constraint.xpath",
          "valueString" : "not(exists(f:code)) or exists(f:system)"
        }],
        "key" : "qty-3",
        "severity" : "error",
        "human" : "If a code for the unit is present, the system SHALL also be present",
        "expression" : "code.empty() or system.exists()",
        "source" : "http://hl7.org/fhir/StructureDefinition/Quantity"
      }],
      "mustSupport" : true,
      "isModifier" : false,
      "isSummary" : false,
      "mapping" : [{
        "identity" : "rim",
        "map" : "n/a"
      },
      {
        "identity" : "v2",
        "map" : "SN (see also Range) or CQ"
      },
      {
        "identity" : "rim",
        "map" : "PQ, IVL<PQ>, MO, CO, depending on the values"
      }]
    },
    {
      "path" : "Ratio.denominator",
      "short" : "A measured amount using UCUM",
      "definition" : "A measured amount (or an amount that can potentially be measured). Note that measured amounts include amounts that are not precisely quantified, including amounts involving arbitrary units and floating currencies.\r\nThis profile imposes that the code system for units be UCUM.",
      "comment" : "The context of use may frequently define what kind of quantity this is and therefore what kind of units can be used. The context of use may also restrict the values for the comparator.",
      "min" : 0,
      "max" : "1",
      "type" : [{
        "code" : "Quantity",
        "profile" : ["http://hl7.org/fhir/uv/ips/StructureDefinition/Quantity-uv-ips",
        "#sd-Quantity-uv-ips-Quantity-uv-ips"]
      }],
      "constraint" : [{
        "extension" : [{
          "url" : "http://hl7.org/fhir/4.0/StructureDefinition/extension-ElementDefinition.constraint.xpath",
          "valueString" : "@value|f:*|h:div"
        }],
        "key" : "ele-1",
        "severity" : "error",
        "human" : "All FHIR elements must have a @value or children",
        "expression" : "hasValue() or (children().count() > id.count())",
        "source" : "http://hl7.org/fhir/StructureDefinition/Element"
      },
      {
        "extension" : [{
          "url" : "http://hl7.org/fhir/4.0/StructureDefinition/extension-ElementDefinition.constraint.xpath",
          "valueString" : "not(exists(f:code)) or exists(f:system)"
        }],
        "key" : "qty-3",
        "severity" : "error",
        "human" : "If a code for the unit is present, the system SHALL also be present",
        "expression" : "code.empty() or system.exists()",
        "source" : "http://hl7.org/fhir/StructureDefinition/Quantity"
      }],
      "mustSupport" : true,
      "isModifier" : false,
      "isSummary" : false,
      "mapping" : [{
        "identity" : "rim",
        "map" : "n/a"
      },
      {
        "identity" : "v2",
        "map" : "SN (see also Range) or CQ"
      },
      {
        "identity" : "rim",
        "map" : "PQ, IVL<PQ>, MO, CO, depending on the values"
      }]
    }]
  }
}