{
  "resourceType" : "ValueSet",
  "id" : "9b909da1-c5bf-4b1a-aa39-38e4f1561517-138",
  "url" : "http://hl7.org/fhir/comparison/ValueSet/9b909da1-c5bf-4b1a-aa39-38e4f1561517-138",
  "name" : "IntersectionLabTechniqueEuVsAndLabTechniqueEuVs",
  "title" : "Intersection of Laboratory Techniques And Laboratory Techniques",
  "status" : "active",
  "date" : "2024-11-18T16:53:35+00:00",
  "jurisdiction" : [{
    "coding" : [{
      "system" : "http://unstats.un.org/unsd/methods/m49/m49.htm",
      "code" : "150",
      "display" : "Europe"
    }]
  }],
  "compose" : {
    "include" : [{
      "concept" : [{
        "code" : "1259932009",
        "display" : "Loop-mediated isothermal amplification technique (qualifier value)"
      },
      {
        "code" : "1259933004",
        "display" : "Strand displacement amplification technique (qualifier value)"
      },
      {
        "code" : "1259934005",
        "display" : "Microparticle enzyme immunoassay technique (qualifier value)"
      },
      {
        "code" : "1259935006",
        "display" : "Chemiluminescent immunoassay technique (qualifier value)"
      },
      {
        "code" : "1259936007",
        "display" : "Enzyme-linked fluorescence assay technique (qualifier value)"
      },
      {
        "code" : "258035006",
        "display" : "High pressure liquid chromatography (qualifier value)"
      },
      {
        "code" : "258036007",
        "display" : "Immunoblotting (qualifier value)"
      },
      {
        "code" : "258037003",
        "display" : "Immunoradiometry (qualifier value)"
      },
      {
        "code" : "258066000",
        "display" : "Polymerase chain reaction technique (qualifier value)"
      },
      {
        "code" : "258075003",
        "display" : "Serotyping (qualifier value)"
      },
      {
        "code" : "258087005",
        "display" : "Agar dilution (qualifier value)"
      },
      {
        "code" : "258099003",
        "display" : "Fluorescence microscopy technique (qualifier value)"
      },
      {
        "code" : "264272003",
        "display" : "Conductivity technique (qualifier value)"
      },
      {
        "code" : "264275001",
        "display" : "Fluorescence polarization immunoassay technique (qualifier value)"
      },
      {
        "code" : "264788002",
        "display" : "Biotyping (qualifier value)"
      },
      {
        "code" : "278289002",
        "display" : "Microscopy technique (qualifier value)"
      },
      {
        "code" : "359838000",
        "display" : "Nephelometry (qualifier value)"
      },
      {
        "code" : "66691000052100",
        "display" : "Electrochemiluminescence immunoassay technique (qualifier value)"
      },
      {
        "code" : "66701000052100",
        "display" : "Fluorescent enzyme immunoassay technique (qualifier value)"
      },
      {
        "code" : "66711000052103",
        "display" : "Line immunoassay technique (qualifier value)"
      },
      {
        "code" : "66721000052106",
        "display" : "Recombinant immunoblot assay technique (qualifier value)"
      },
      {
        "code" : "66731000052108",
        "display" : "Immunochromatographic test technique (qualifier value)"
      },
      {
        "code" : "66741000052102",
        "display" : "Chemiluminescent microparticle immunoassay technique (qualifier value)"
      },
      {
        "code" : "68431000052104",
        "display" : "Enzyme-linked immunosorbent assay technique (qualifier value)"
      },
      {
        "code" : "702660003",
        "display" : "Test strip technique (qualifier value)"
      },
      {
        "code" : "702661004",
        "display" : "Light microscopy technique (qualifier value)"
      },
      {
        "code" : "702873001",
        "display" : "Calculation technique (qualifier value)"
      },
      {
        "code" : "702946003",
        "display" : "Coagulation technique (qualifier value)"
      },
      {
        "code" : "703444002",
        "display" : "Fluorescent immunoassay (qualifier value)"
      },
      {
        "code" : "703445001",
        "display" : "Ion selective electrode measurement technique (qualifier value)"
      },
      {
        "code" : "703447009",
        "display" : "Enzyme immunoassay technique (qualifier value)"
      },
      {
        "code" : "703448004",
        "display" : "Latex agglutination test technique (qualifier value)"
      },
      {
        "code" : "703449007",
        "display" : "Radioimmunoassay technique (qualifier value)"
      },
      {
        "code" : "703450007",
        "display" : "Electrophoresis technique (qualifier value)"
      },
      {
        "code" : "703454003",
        "display" : "Centrifugation technique (qualifier value)"
      },
      {
        "code" : "703458000",
        "display" : "Neutralization method (qualifier value)"
      },
      {
        "code" : "703459008",
        "display" : "Westergren technique (qualifier value)"
      },
      {
        "code" : "703725008",
        "display" : "Culture technique (qualifier value)"
      },
      {
        "code" : "703750006",
        "display" : "Aerobic culture technique (qualifier value)"
      },
      {
        "code" : "703751005",
        "display" : "Anaerobic culture technique (qualifier value)"
      },
      {
        "code" : "703752003",
        "display" : "Organism specific culture technique (qualifier value)"
      },
      {
        "code" : "70521000052109",
        "display" : "Affinity chromatography technique (qualifier value)"
      },
      {
        "code" : "70531000052106",
        "display" : "Agarose gel electrophoresis technique (qualifier value)"
      },
      {
        "code" : "70541000052100",
        "display" : "Chemiluminescence technique (qualifier value)"
      },
      {
        "code" : "70551000052102",
        "display" : "Enzyme-multiplied immunoassay technique (qualifier value)"
      },
      {
        "code" : "70561000052104",
        "display" : "Gas chromatography technique (qualifier value)"
      },
      {
        "code" : "70581000052105",
        "display" : "Capillary electrophoresis technique (qualifier value)"
      },
      {
        "code" : "70591000052107",
        "display" : "Pyrosequencing technique (qualifier value)"
      },
      {
        "code" : "70601000052104",
        "display" : "Real-time polymerase chain reaction technique (qualifier value)"
      },
      {
        "code" : "70611000052102",
        "display" : "Melting curve technique (qualifier value)"
      },
      {
        "code" : "70621000052105",
        "display" : "Spectrophotometric technique (qualifier value)"
      },
      {
        "code" : "708058007",
        "display" : "Flow cytometry technique (qualifier value)"
      },
      {
        "code" : "708061008",
        "display" : "Gram stain technique (qualifier value)"
      },
      {
        "code" : "708062001",
        "display" : "Immunodiffusion technique (qualifier value)"
      },
      {
        "code" : "708063006",
        "display" : "Immunoelectrophoresis technique (qualifier value)"
      },
      {
        "code" : "708064000",
        "display" : "Immunofixation technique (qualifier value)"
      },
      {
        "code" : "708075001",
        "display" : "Potassium hydroxide preparation technique (qualifier value)"
      },
      {
        "code" : "708097004",
        "display" : "Immunohistochemistry technique (qualifier value)"
      },
      {
        "code" : "708099001",
        "display" : "Rapid immunoassay technique (qualifier value)"
      },
      {
        "code" : "708104000",
        "display" : "Agglutination technique (qualifier value)"
      },
      {
        "code" : "708131002",
        "display" : "Anti human globulin test technique, direct (qualifier value)"
      },
      {
        "code" : "708133004",
        "display" : "Complement fixation technique (qualifier value)"
      },
      {
        "code" : "726449005",
        "display" : "Immunoassay technique (qualifier value)"
      },
      {
        "code" : "726748001",
        "display" : "Radioallergosorbent testing technique (qualifier value)"
      },
      {
        "code" : "767095001",
        "display" : "Direct immunofluorescence technique (qualifier value)"
      },
      {
        "code" : "767096000",
        "display" : "Indirect immunofluorescence technique (qualifier value)"
      },
      {
        "code" : "83561000052101",
        "display" : "Photometry technique (qualifier value)"
      },
      {
        "code" : "83581000052107",
        "display" : "Matrix assisted laser desorption ionization time of flight mass spectrometry technique (qualifier value)"
      },
      {
        "code" : "83591000052109",
        "display" : "Particle-enhanced turbidimetric immunoassay technique (qualifier value)"
      },
      {
        "code" : "83601000052101",
        "display" : "Potentiometry technique (qualifier value)"
      },
      {
        "code" : "83611000052104",
        "display" : "Turbidimetry technique (qualifier value)"
      }]
    }]
  }
}