{
  "resourceType" : "ValueSet",
  "id" : "9b909da1-c5bf-4b1a-aa39-38e4f1561517-123",
  "url" : "http://hl7.org/fhir/comparison/ValueSet/9b909da1-c5bf-4b1a-aa39-38e4f1561517-123",
  "name" : "IntersectionLabSpecialtyEuVsAndLabSpecialtyEuVs",
  "title" : "Intersection of Laboratory Specialty And Laboratory Specialty",
  "status" : "active",
  "date" : "2024-11-18T16:53:35+00:00",
  "jurisdiction" : [{
    "coding" : [{
      "system" : "http://unstats.un.org/unsd/methods/m49/m49.htm",
      "code" : "150",
      "display" : "Europe"
    }]
  }],
  "compose" : {
    "include" : [{
      "concept" : [{
        "code" : "394596001",
        "display" : "Chemical pathology"
      },
      {
        "code" : "394916005",
        "display" : "Hematopathology"
      },
      {
        "code" : "421661004",
        "display" : "Blood banking and transfusion medicine"
      },
      {
        "code" : "394915009",
        "display" : "General pathology"
      },
      {
        "code" : "394598000",
        "display" : "Immunopathology"
      },
      {
        "code" : "408454008",
        "display" : "Clinical microbiology"
      },
      {
        "code" : "1236877003",
        "display" : "Genetic pathology"
      },
      {
        "code" : "1236878008",
        "display" : "Histocompatibility and Immunogenetics"
      }]
    }]
  }
}