<?xml version="1.0" encoding="UTF-8"?>

<ConceptMap xmlns="http://hl7.org/fhir">
  <id value="subject2FHIR-eu-lab"/>
  <text>
    <status value="generated"/><div xmlns="http://www.w3.org/1999/xhtml"><p class="res-header-id"><b>Generated Narrative: ConceptMap subject2FHIR-eu-lab</b></p><a name="subject2FHIR-eu-lab"> </a><a name="hcsubject2FHIR-eu-lab"> </a><a name="subject2FHIR-eu-lab-en-US"> </a><p>Mapping from <a href="StructureDefinition-Subject.html">A1.1, A1.2 - Subject of care</a> to <a href="StructureDefinition-Patient-eu-lab.html">Patient: Person</a></p><br/><p><b>Group 1 </b>Mapping from <a href="StructureDefinition-Subject.html">A1.1, A1.2 - Subject of care</a> to <a href="StructureDefinition-Patient-eu-lab.html">Patient: Person</a></p><table class="grid"><tr><td><b>Source Code</b></td><td><b>Relationship</b></td><td><b>Target Code</b></td></tr><tr><td>Subject.identification (A.1.1 Identification of the patient/subject)</td><td><a href="http://hl7.org/fhir/extensions/5.1.0/CodeSystem-concept-map-equivalence.html#relatedto" title="relatedto">is related to</a></td><td>Patient</td></tr><tr><td>Subject.identification.familyName (A.1.1.1 Familyname/surname)</td><td><a href="http://hl7.org/fhir/extensions/5.1.0/CodeSystem-concept-map-equivalence.html#equivalent" title="equivalent">is equivalent to</a></td><td>Patient.name.family</td></tr><tr><td>Subject.identification.givenName (A.1.1.2 Given name)</td><td><a href="http://hl7.org/fhir/extensions/5.1.0/CodeSystem-concept-map-equivalence.html#equivalent" title="equivalent">is equivalent to</a></td><td>Patient.name.given</td></tr><tr><td>Subject.identification.dateOfBirth (A.1.1.3 Date of birth)</td><td><a href="http://hl7.org/fhir/extensions/5.1.0/CodeSystem-concept-map-equivalence.html#equivalent" title="equivalent">is equivalent to</a></td><td>Patient.birthDate</td></tr><tr><td>Subject.identification.identifier (A.1.1.4 Personal identifier)</td><td><a href="http://hl7.org/fhir/extensions/5.1.0/CodeSystem-concept-map-equivalence.html#equivalent" title="equivalent">is equivalent to</a></td><td>Patient.identifier</td></tr><tr><td>Subject.identification.gender (A.1.1.5 Gender)</td><td><a href="http://hl7.org/fhir/extensions/5.1.0/CodeSystem-concept-map-equivalence.html#equivalent" title="equivalent">is equivalent to</a></td><td>Patient.gender</td></tr><tr><td>Subject.addressTelecom (A.1.2 Patient/subject related contact information)</td><td><a href="http://hl7.org/fhir/extensions/5.1.0/CodeSystem-concept-map-equivalence.html#relatedto" title="relatedto">is related to</a></td><td>Patient</td></tr><tr><td>Subject.addressTelecom.address (A.1.2.1 Address)</td><td><a href="http://hl7.org/fhir/extensions/5.1.0/CodeSystem-concept-map-equivalence.html#equivalent" title="equivalent">is equivalent to</a></td><td>Patient.address</td></tr><tr><td>Subject.addressTelecom.telecom (A.1.2.2 Telecom)</td><td><a href="http://hl7.org/fhir/extensions/5.1.0/CodeSystem-concept-map-equivalence.html#equivalent" title="equivalent">is equivalent to</a></td><td>Patient.telecom</td></tr></table></div>
  </text>
  <extension url="http://hl7.org/fhir/StructureDefinition/structuredefinition-fmm">
    <valueInteger value="2"/>
  </extension>
  <extension url="http://hl7.org/fhir/StructureDefinition/structuredefinition-standards-status">
    <valueCode value="informative"/>
  </extension>
  <url value="http://hl7.eu/fhir/laboratory/ConceptMap/subject2FHIR-eu-lab"/>
  <version value="0.2.0-ci"/>
  <name value="LabRptSubject2Fhir"/>
  <title value="eHN Subject to this guide Map"/>
  <status value="draft"/>
  <experimental value="true"/>
  <date value="2024-11-18T16:52:16+00:00"/>
  <publisher value="HL7 Europe"/>
  <contact>
    <name value="HL7 Europe"/>
    <telecom>
      <system value="url"/>
      <value value="http://hl7.eu"/>
    </telecom>
  </contact>
  <description value="eHN Subject Model to this guide Map"/>
  <jurisdiction>
    <coding>
      <system value="http://unstats.un.org/unsd/methods/m49/m49.htm"/>
      <code value="150"/>
      <display value="Europe"/>
    </coding>
  </jurisdiction>
  <purpose value="It shows how the Laboratory Report Subject data set defined by the EU eHN guidelines is mapped into this guide"/>
  <copyright value="Used by permission of HL7 Europe, all rights reserved Creative Commons License"/>
  <sourceUri value="http://hl7.eu/fhir/laboratory/StructureDefinition/Subject"/>
  <targetUri value="http://hl7.eu/fhir/laboratory/StructureDefinition/Patient-eu-lab"/>
  <group>
    <source value="http://hl7.eu/fhir/laboratory/StructureDefinition/Subject"/>
    <target value="http://hl7.eu/fhir/laboratory/StructureDefinition/Patient-eu-lab"/>
    <element>
      <code value="Subject.identification"/>
      <display value="A.1.1 Identification of the patient/subject"/>
      <target>
        <code value="Patient"/>
        <equivalence value="relatedto"/>
      </target>
    </element>
    <element>
      <code value="Subject.identification.familyName"/>
      <display value="A.1.1.1 Familyname/surname"/>
      <target>
        <code value="Patient.name.family"/>
        <equivalence value="equivalent"/>
      </target>
    </element>
    <element>
      <code value="Subject.identification.givenName"/>
      <display value="A.1.1.2 Given name"/>
      <target>
        <code value="Patient.name.given"/>
        <equivalence value="equivalent"/>
      </target>
    </element>
    <element>
      <code value="Subject.identification.dateOfBirth"/>
      <display value="A.1.1.3 Date of birth"/>
      <target>
        <code value="Patient.birthDate"/>
        <equivalence value="equivalent"/>
      </target>
    </element>
    <element>
      <code value="Subject.identification.identifier"/>
      <display value="A.1.1.4 Personal identifier"/>
      <target>
        <code value="Patient.identifier"/>
        <equivalence value="equivalent"/>
      </target>
    </element>
    <element>
      <code value="Subject.identification.gender"/>
      <display value="A.1.1.5 Gender"/>
      <target>
        <code value="Patient.gender"/>
        <equivalence value="equivalent"/>
      </target>
    </element>
    <element>
      <code value="Subject.addressTelecom"/>
      <display value="A.1.2 Patient/subject related contact information"/>
      <target>
        <code value="Patient"/>
        <equivalence value="relatedto"/>
      </target>
    </element>
    <element>
      <code value="Subject.addressTelecom.address"/>
      <display value="A.1.2.1 Address"/>
      <target>
        <code value="Patient.address"/>
        <equivalence value="equivalent"/>
      </target>
    </element>
    <element>
      <code value="Subject.addressTelecom.telecom"/>
      <display value="A.1.2.2 Telecom"/>
      <target>
        <code value="Patient.telecom"/>
        <equivalence value="equivalent"/>
      </target>
    </element>
  </group>
</ConceptMap>