<?xml version="1.0" encoding="UTF-8"?>

<Observation xmlns="http://hl7.org/fhir">
  <id value="obs-org-id1"/>
  <meta>
    <profile value="http://hl7.eu/fhir/laboratory/StructureDefinition/Observation-resultslab-eu-lab"/>
  </meta>
  <text>
    <status value="generated"/><div xmlns="http://www.w3.org/1999/xhtml"><p class="res-header-id"><b>Generated Narrative: Observation obs-org-id1</b></p><a name="obs-org-id1"> </a><a name="hcobs-org-id1"> </a><a name="obs-org-id1-en-US"> </a><p><b>status</b>: Final</p><p><b>category</b>: <span title="Codes:{http://terminology.hl7.org/CodeSystem/observation-category laboratory}">Laboratory</span></p><p><b>code</b>: <span title="Codes:{http://loinc.org 634-6}">Bacteria identified in Specimen by Aerobe culture</span></p><p><b>subject</b>: <a href="Patient-pat-lab-example.html">František Očkovaný Moreira  Male, DoB: 2000-03-21 ( National Insurance Payor Identifier (Payor))</a></p><p><b>effective</b>: 2022-10-25 13:35:00+0100</p><p><b>performer</b>: MUDr. Aleš Procházka</p><p><b>value</b>: <span title="Codes:{http://snomed.info/sct 3092008}">Staphylococcus aureus</span></p><p><b>hasMember</b>: </p><ul><li><a href="Observation-obs-org-id1-growth.html">Observation </a></li><li><a href="Observation-obs-org-id1-susc-panel.html">Observation Bacterial susceptibility panel</a></li></ul></div>
  </text>
  <status value="final"/>
  <category>
    <coding>
      <system value="http://terminology.hl7.org/CodeSystem/observation-category"/>
      <code value="laboratory"/>
    </coding>
  </category>
  <code>
    <coding>
      <system value="http://loinc.org"/>
      <code value="634-6"/>
      <display value="Bacteria identified in Specimen by Aerobe culture"/>
    </coding>
  </code>
  <subject>
    <reference value="Patient/pat-lab-example"/>
  </subject>
  <effectiveDateTime value="2022-10-25T13:35:00+01:00"/>
  <performer>
    <display value="MUDr. Aleš Procházka"/>
  </performer>
  <valueCodeableConcept>
    <coding>
      <system value="http://snomed.info/sct"/>
      <code value="3092008"/>
      <display value="Staphylococcus aureus"/>
    </coding>
  </valueCodeableConcept>
  <hasMember>
    <reference value="Observation/obs-org-id1-growth"/>
  </hasMember>
  <hasMember>
    <reference value="Observation/obs-org-id1-susc-panel"/>
  </hasMember>
</Observation>