<?xml version="1.0" encoding="UTF-8"?>

<Observation xmlns="http://hl7.org/fhir">
  <id value="obs-anaerobic-culture"/>
  <meta>
    <profile value="http://hl7.eu/fhir/laboratory/StructureDefinition/Observation-resultslab-eu-lab"/>
  </meta>
  <text>
    <status value="generated"/><div xmlns="http://www.w3.org/1999/xhtml"><p class="res-header-id"><b>Generated Narrative: Observation obs-anaerobic-culture</b></p><a name="obs-anaerobic-culture"> </a><a name="hcobs-anaerobic-culture"> </a><a name="obs-anaerobic-culture-en-US"> </a><p><b>status</b>: Final</p><p><b>category</b>: <span title="Codes:{http://terminology.hl7.org/CodeSystem/observation-category laboratory}">Laboratory</span></p><p><b>code</b>: <span title="Codes:{http://loinc.org 635-3}">Anaerobic Culture</span></p><p><b>subject</b>: <a href="Patient-pat-lab-example.html">František Očkovaný Moreira  Male, DoB: 2000-03-21 ( National Insurance Payor Identifier (Payor))</a></p><p><b>effective</b>: 2022-10-25 13:35:00+0100</p><p><b>performer</b>: MUDr. Aleš Procházka</p><p><b>value</b>: <span title="Codes:{http://snomed.info/sct 264868006}">No growth</span></p></div>
  </text>
  <status value="final"/>
  <category>
    <coding>
      <system value="http://terminology.hl7.org/CodeSystem/observation-category"/>
      <code value="laboratory"/>
    </coding>
  </category>
  <code>
    <coding>
      <system value="http://loinc.org"/>
      <code value="635-3"/>
      <display value="Bacteria identified in Specimen by Anaerobe culture"/>
    </coding>
    <text value="Anaerobic Culture"/>
  </code>
  <subject>
    <reference value="Patient/pat-lab-example"/>
  </subject>
  <effectiveDateTime value="2022-10-25T13:35:00+01:00"/>
  <performer>
    <display value="MUDr. Aleš Procházka"/>
  </performer>
  <valueCodeableConcept>
    <coding>
      <system value="http://snomed.info/sct"/>
      <code value="264868006"/>
      <display value="No growth"/>
    </coding>
  </valueCodeableConcept>
</Observation>