<?xml version="1.0" encoding="UTF-8"?>

<ValueSet xmlns="http://hl7.org/fhir">
  <id value="lab-obsCode-npu-eu-lab"/>
  <text>
    <status value="generated"/><div xmlns="http://www.w3.org/1999/xhtml"><p class="res-header-id"><b>Generated Narrative: ValueSet lab-obsCode-npu-eu-lab</b></p><a name="lab-obsCode-npu-eu-lab"> </a><a name="hclab-obsCode-npu-eu-lab"> </a><a name="lab-obsCode-npu-eu-lab-en-US"> </a><ul><li>Include all codes defined in <code>http://npu-terminology.org</code></li></ul></div>
  </text>
  <extension url="http://hl7.org/fhir/StructureDefinition/structuredefinition-fmm">
    <valueInteger value="2"/>
  </extension>
  <extension url="http://hl7.org/fhir/StructureDefinition/structuredefinition-standards-status">
    <valueCode value="trial-use"/>
  </extension>
  <url value="http://hl7.eu/fhir/laboratory/ValueSet/lab-obsCode-npu-eu-lab"/>
  <version value="0.2.0-ci"/>
  <name value="NpuVs"/>
  <title value="Laboratory Code: NPU"/>
  <status value="draft"/>
  <experimental value="false"/>
  <date value="2024-11-18T16:52:16+00:00"/>
  <publisher value="HL7 Europe"/>
  <contact>
    <name value="HL7 Europe"/>
    <telecom>
      <system value="url"/>
      <value value="http://hl7.eu"/>
    </telecom>
  </contact>
  <description value="Laboratory observation codes based on the NPU code system."/>
  <jurisdiction>
    <coding>
      <system value="http://unstats.un.org/unsd/methods/m49/m49.htm"/>
      <code value="150"/>
      <display value="Europe"/>
    </coding>
  </jurisdiction>
  <copyright value="This material contains content from NPU Terminology (http://npu-terminology.org). NPU is copyright International Federation of Clinical Chemistry (IFCC) and International Union of Pure and Applied Chemistry (IUPAC) and is available at no cost under the license at https://www.labterm.dk/."/>
  <compose>
    <include>
      <system value="http://npu-terminology.org"/>
    </include>
  </compose>
</ValueSet>