{"resourceType":"Basic","id":"actor-repos-eu-lab","text":{"status":"generated","div":"<div xmlns=\"http://www.w3.org/1999/xhtml\"><p class=\"res-header-id\"><b>Generated Narrative: ActorDefinition actor-repos-eu-lab</b></p><a name=\"actor-repos-eu-lab\"> </a><a name=\"hcactor-repos-eu-lab\"> </a><a name=\"actor-repos-eu-lab-en-US\"> </a><table class=\"grid\"><tr><td><b>Actor: LabReportRepos </b></td><td/><td>Type: system </td></tr><tr><td colspan=\"3\"><div><p>This actor represents the Laboratory Report Repositories. That is any system maintaining a copy of the report received, to store and make it available for the consumers.</p>\n</div></td></tr></table></div>"},"extension":[{"url":"http://hl7.org/fhir/5.0/StructureDefinition/extension-ActorDefinition.url","valueUri":"http://hl7.eu/fhir/laboratory/actor-repos-eu-lab"},{"url":"http://hl7.org/fhir/5.0/StructureDefinition/extension-ActorDefinition.version","valueString":"0.2.0-ci"},{"url":"http://hl7.org/fhir/5.0/StructureDefinition/extension-ActorDefinition.name","valueString":"LabReportRepos"},{"url":"http://hl7.org/fhir/5.0/StructureDefinition/extension-ActorDefinition.status","valueCode":"active"},{"url":"http://hl7.org/fhir/5.0/StructureDefinition/extension-ActorDefinition.date","valueDateTime":"2024-11-18T16:52:16+00:00"},{"url":"http://hl7.org/fhir/5.0/StructureDefinition/extension-ActorDefinition.publisher","valueString":"HL7 Europe"},{"url":"http://hl7.org/fhir/5.0/StructureDefinition/extension-ActorDefinition.contact","valueContactDetail":{"name":"HL7 Europe","telecom":[{"system":"url","value":"http://hl7.eu"}]}},{"url":"http://hl7.org/fhir/5.0/StructureDefinition/extension-ActorDefinition.jurisdiction","valueCodeableConcept":{"coding":[{"system":"http://unstats.un.org/unsd/methods/m49/m49.htm","code":"150","display":"Europe"}]}},{"url":"http://hl7.org/fhir/5.0/StructureDefinition/extension-ActorDefinition.copyright","valueMarkdown":"Used by permission of HL7 Europe, all rights reserved Creative Commons License"},{"url":"http://hl7.org/fhir/5.0/StructureDefinition/extension-ActorDefinition.type","valueCode":"system"},{"url":"http://hl7.org/fhir/5.0/StructureDefinition/extension-ActorDefinition.documentation","valueMarkdown":"This actor represents the Laboratory Report Repositories. That is any system maintaining a copy of the report received, to store and make it available for the consumers."}],"code":{"coding":[{"system":"http://hl7.org/fhir/fhir-types","code":"ActorDefinition"}]}}