{"resourceType":"ValueSet","id":"lab-obsCode-loinc-eu-lab","text":{"status":"generated","div":"<div xmlns=\"http://www.w3.org/1999/xhtml\"><p class=\"res-header-id\"><b>Generated Narrative: ValueSet lab-obsCode-loinc-eu-lab</b></p><a name=\"lab-obsCode-loinc-eu-lab\"> </a><a name=\"hclab-obsCode-loinc-eu-lab\"> </a><a name=\"lab-obsCode-loinc-eu-lab-en-US\"> </a><ul><li>Include codes from<a href=\"http://loinc.org\"><code>http://loinc.org</code></a> where CLASSTYPE  = 1</li></ul></div>"},"extension":[{"url":"http://hl7.org/fhir/StructureDefinition/structuredefinition-fmm","valueInteger":2},{"url":"http://hl7.org/fhir/StructureDefinition/structuredefinition-standards-status","valueCode":"trial-use"}],"url":"http://hl7.eu/fhir/laboratory/ValueSet/lab-obsCode-loinc-eu-lab","version":"0.2.0-ci","name":"LoincVs","title":"Laboratory Code: LOINC","status":"draft","experimental":false,"date":"2024-11-18T16:52:16+00:00","publisher":"HL7 Europe","contact":[{"name":"HL7 Europe","telecom":[{"system":"url","value":"http://hl7.eu"}]}],"description":"Laboratory observation codes based on the LOINC code system.","jurisdiction":[{"coding":[{"system":"http://unstats.un.org/unsd/methods/m49/m49.htm","code":"150","display":"Europe"}]}],"copyright":"This material contains content from LOINC (http://loinc.org). LOINC is copyright © 1995-2020, Regenstrief Institute, Inc. and the Logical Observation Identifiers Names and Codes (LOINC) Committee and is available at no cost under the license at http://loinc.org/license. LOINC® is a registered United States trademark of Regenstrief Institute, Inc","compose":{"include":[{"system":"http://loinc.org","filter":[{"property":"CLASSTYPE","op":"=","value":"1"}]}]}}