{"resourceType":"ValueSet","id":"lab-siteQualifier-eu-lab","text":{"status":"generated","div":"<div xmlns=\"http://www.w3.org/1999/xhtml\"><p class=\"res-header-id\"><b>Generated Narrative: ValueSet lab-siteQualifier-eu-lab</b></p><a name=\"lab-siteQualifier-eu-lab\"> </a><a name=\"hclab-siteQualifier-eu-lab\"> </a><a name=\"lab-siteQualifier-eu-lab-en-US\"> </a><ul><li>Include these codes as defined in <a href=\"http://www.snomed.org/\"><code>http://snomed.info/sct</code></a><table class=\"none\"><tr><td style=\"white-space:nowrap\"><b>Code</b></td><td><b>Display</b></td></tr><tr><td><a href=\"http://snomed.info/id/7771000\">7771000</a></td><td>Left</td></tr><tr><td><a href=\"http://snomed.info/id/24028007\">24028007</a></td><td>Right</td></tr><tr><td><a href=\"http://snomed.info/id/51440002\">51440002</a></td><td>Bilateral</td></tr><tr><td><a href=\"http://snomed.info/id/46053002\">46053002</a></td><td>Distal</td></tr><tr><td><a href=\"http://snomed.info/id/255554000\">255554000</a></td><td>Dorsal</td></tr><tr><td><a href=\"http://snomed.info/id/261183002\">261183002</a></td><td>Upper</td></tr><tr><td><a href=\"http://snomed.info/id/261122009\">261122009</a></td><td>Lower</td></tr><tr><td><a href=\"http://snomed.info/id/255561001\">255561001</a></td><td>Medial</td></tr><tr><td><a href=\"http://snomed.info/id/49370004\">49370004</a></td><td>Lateral</td></tr><tr><td><a href=\"http://snomed.info/id/264217000\">264217000</a></td><td>Superior</td></tr><tr><td><a href=\"http://snomed.info/id/261089000\">261089000</a></td><td>Inferior</td></tr><tr><td><a href=\"http://snomed.info/id/255551008\">255551008</a></td><td>Posterior</td></tr><tr><td><a href=\"http://snomed.info/id/351726001\">351726001</a></td><td>Below</td></tr><tr><td><a href=\"http://snomed.info/id/352730000\">352730000</a></td><td>Above</td></tr><tr><td><a href=\"http://snomed.info/id/40415009\">40415009</a></td><td>Proximal (qualifier value)</td></tr><tr><td><a href=\"http://snomed.info/id/255549009\">255549009</a></td><td>Anterior (qualifier value)</td></tr><tr><td><a href=\"http://snomed.info/id/26283006\">26283006</a></td><td>Superficial (qualifier value)</td></tr><tr><td><a href=\"http://snomed.info/id/795002\">795002</a></td><td>Deep (qualifier value)</td></tr><tr><td><a href=\"http://snomed.info/id/57195005\">57195005</a></td><td>Basal (qualifier value)</td></tr><tr><td><a href=\"http://snomed.info/id/3583002\">3583002</a></td><td>Caudal (qualifier value)</td></tr><tr><td><a href=\"http://snomed.info/id/66787007\">66787007</a></td><td>Cephalic (qualifier value)</td></tr><tr><td><a href=\"http://snomed.info/id/255481003\">255481003</a></td><td>Left upper quadrant (qualifier value)</td></tr><tr><td><a href=\"http://snomed.info/id/255497008\">255497008</a></td><td>Right upper quadrant (qualifier value)</td></tr><tr><td><a href=\"http://snomed.info/id/255480002\">255480002</a></td><td>Left lower quadrant (qualifier value)</td></tr><tr><td><a href=\"http://snomed.info/id/255495000\">255495000</a></td><td>Right lower quadrant (qualifier value)</td></tr></table></li></ul></div>"},"extension":[{"url":"http://hl7.org/fhir/StructureDefinition/structuredefinition-fmm","valueInteger":2},{"url":"http://hl7.org/fhir/StructureDefinition/structuredefinition-standards-status","valueCode":"trial-use"}],"url":"http://hl7.eu/fhir/laboratory/ValueSet/lab-siteQualifier-eu-lab","version":"0.2.0-ci","name":"LabSiteQualifierEuVs","title":"Body Structure Qualifier","status":"draft","experimental":false,"date":"2024-11-18T16:52:16+00:00","publisher":"HL7 Europe","contact":[{"name":"HL7 Europe","telecom":[{"system":"url","value":"http://hl7.eu"}]}],"description":"Body Structure site qualifier. It indicates the body site qualifier from which a laboratory specimen is collected. (based on SNOMED CT)","jurisdiction":[{"coding":[{"system":"http://unstats.un.org/unsd/methods/m49/m49.htm","code":"150","display":"Europe"}]}],"copyright":"This value set includes content from SNOMED CT, which is copyright © 2002+ International Health Terminology Standards Development Organisation (IHTSDO), and distributed by agreement between IHTSDO and HL7. Implementer use of SNOMED CT is not covered by this agreement","compose":{"include":[{"system":"http://snomed.info/sct","concept":[{"code":"7771000","display":"Left"},{"code":"24028007","display":"Right"},{"code":"51440002","display":"Bilateral"},{"code":"46053002","display":"Distal"},{"code":"255554000","display":"Dorsal"},{"code":"261183002","display":"Upper"},{"code":"261122009","display":"Lower"},{"code":"255561001","display":"Medial"},{"code":"49370004","display":"Lateral"},{"code":"264217000","display":"Superior"},{"code":"261089000","display":"Inferior"},{"code":"255551008","display":"Posterior"},{"code":"351726001","display":"Below"},{"code":"352730000","display":"Above"},{"code":"40415009","display":"Proximal (qualifier value)"},{"code":"255549009","display":"Anterior (qualifier value)"},{"code":"26283006","display":"Superficial (qualifier value)"},{"code":"795002","display":"Deep (qualifier value)"},{"code":"57195005","display":"Basal (qualifier value)"},{"code":"3583002","display":"Caudal (qualifier value)"},{"code":"66787007","display":"Cephalic (qualifier value)"},{"code":"255481003","display":"Left upper quadrant (qualifier value)"},{"code":"255497008","display":"Right upper quadrant (qualifier value)"},{"code":"255480002","display":"Left lower quadrant (qualifier value)"},{"code":"255495000","display":"Right lower quadrant (qualifier value)"}]}]}}