<?xml version="1.0" encoding="UTF-8"?><ConceptMap xmlns="http://hl7.org/fhir"><id value="labRpt2FHIR-eu-lab"/><text><status value="generated"/><div xmlns="http://www.w3.org/1999/xhtml"><p class="res-header-id"><b>Generated Narrative: ConceptMap labRpt2FHIR-eu-lab</b></p><a name="labRpt2FHIR-eu-lab"> </a><a name="hclabRpt2FHIR-eu-lab"> </a><a name="labRpt2FHIR-eu-lab-en-US"> </a><p>Mapping from <a href="StructureDefinition-LabReport.html">A - Laboratory Report</a> to <a href="StructureDefinition-Bundle-eu-lab.html">Bundle: Laboratory Report</a></p><br/><p><b>Group 1 </b>Mapping from <a href="StructureDefinition-LabReport.html">A - Laboratory Report</a> to <a href="StructureDefinition-DiagnosticReport-eu-lab.html">DiagnosticReport: Laboratory Report</a></p><table class="grid"><tr><td><b>Source Code</b></td><td><b>Relationship</b></td><td><b>Target Code</b></td><td><b>Comment</b></td></tr><tr><td>LabReport.header (A.1 Report header data elements)</td><td><a href="http://hl7.org/fhir/extensions/5.1.0/CodeSystem-concept-map-equivalence.html#relatedto" title="relatedto">is related to</a></td><td>DiagnosticReport</td><td/></tr><tr><td>LabReport.header.subject (A.1.1 - A1.2 Patient/subject)</td><td><a href="http://hl7.org/fhir/extensions/5.1.0/CodeSystem-concept-map-equivalence.html#relatedto" title="relatedto">is related to</a></td><td>DiagnosticReport.subject</td><td/></tr><tr><td>LabReport.header.payer (A.1.3 Health insurance and payment information)</td><td><a href="http://hl7.org/fhir/extensions/5.1.0/CodeSystem-concept-map-equivalence.html#relatedto" title="relatedto">is related to</a></td><td>DiagnosticReport.basedOn.insurance</td><td>basedOn.resolve().ofType(ServiceRequest).insurance.resolve().ofType(Coverage)</td></tr><tr><td>LabReport.header.informationRecipient (A.1.4 Information recipient)</td><td><a href="http://hl7.org/fhir/extensions/5.1.0/CodeSystem-concept-map-equivalence.html#equivalent" title="equivalent">is equivalent to</a></td><td>DiagnosticReport.extension:information-recipient</td><td/></tr><tr><td>LabReport.header.author (A.1.5 Author)</td><td><a href="http://hl7.org/fhir/extensions/5.1.0/CodeSystem-concept-map-equivalence.html#relatedto" title="relatedto">is related to</a></td><td>DiagnosticReport.resultsInterpreter</td><td>If the author is the interpreter</td></tr><tr><td>LabReport.header.author (A.1.5 Author)</td><td><a href="http://hl7.org/fhir/extensions/5.1.0/CodeSystem-concept-map-equivalence.html#relatedto" title="relatedto">is related to</a></td><td>DiagnosticReport.performer</td><td>If the author is the perfomer</td></tr><tr><td>LabReport.header.legalAuthenticator (A.1.6 Legal authenticator)</td><td colspan="3" style="background-color: #efefef">(not mapped)</td></tr><tr><td>LabReport.header.validator (A.1.7 Result validator)</td><td colspan="3" style="background-color: #efefef">(not mapped)</td></tr><tr><td>LabReport.header.metadata (A.1.8 Laboratory report metadata)</td><td><a href="http://hl7.org/fhir/extensions/5.1.0/CodeSystem-concept-map-equivalence.html#relatedto" title="relatedto">is related to</a></td><td>DiagnosticReport</td><td/></tr><tr><td>LabReport.header.metadata.documentId (A.1.8.0 Document Id)</td><td><a href="http://hl7.org/fhir/extensions/5.1.0/CodeSystem-concept-map-equivalence.html#relatedto" title="relatedto">is related to</a></td><td>DiagnosticReport.identifier</td><td>If it is the identifier of the report indipendently by its version. Otherwise you should refer to the Bundle.indentifier</td></tr><tr><td>LabReport.header.metadata.type (A.1.8.1 Document type)</td><td><a href="http://hl7.org/fhir/extensions/5.1.0/CodeSystem-concept-map-equivalence.html#equivalent" title="equivalent">is equivalent to</a></td><td>DiagnosticReport.code</td><td/></tr><tr><td>LabReport.header.metadata.status (A.1.8.2 Document status)</td><td><a href="http://hl7.org/fhir/extensions/5.1.0/CodeSystem-concept-map-equivalence.html#relatedto" title="relatedto">is related to</a></td><td>DiagnosticReport.status</td><td>For FHIR R4 the more granular status is recorded in the DiagnosticReport.status</td></tr><tr><td>LabReport.header.metadata.dateTime (A.1.8.3 Report date and time)</td><td><a href="http://hl7.org/fhir/extensions/5.1.0/CodeSystem-concept-map-equivalence.html#equivalent" title="equivalent">is equivalent to</a></td><td>DiagnosticReport.effectiveDateTime</td><td/></tr><tr><td>LabReport.header.metadata.title (A.1.8.4 Document title)</td><td colspan="3" style="background-color: #efefef">(not mapped)</td></tr><tr><td>LabReport.header.metadata.studyType (A.1.8.5 Study type)</td><td><a href="http://hl7.org/fhir/extensions/5.1.0/CodeSystem-concept-map-equivalence.html#relatedto" title="relatedto">is related to</a></td><td>DiagnosticReport.category</td><td/></tr><tr><td>LabReport.header.metadata.custodian (A.1.8.6 Report custodian)</td><td colspan="3" style="background-color: #efefef">(not mapped)</td></tr><tr><td>LabReport.header.metadata.confidentiality (A.1.8.7 Confidentiality)</td><td colspan="3" style="background-color: #efefef">(not mapped)</td></tr><tr><td>LabReport.header.metadata.language (A.1.8.8 Language)</td><td><a href="http://hl7.org/fhir/extensions/5.1.0/CodeSystem-concept-map-equivalence.html#equivalent" title="equivalent">is equivalent to</a></td><td>DiagnosticReport.language</td><td/></tr><tr><td>LabReport.header.metadata.version (A.1.8.9 Version)</td><td colspan="3" style="background-color: #efefef">(not mapped)</td></tr><tr><td>LabReport.order (A.2-A.3 Order)</td><td><a href="http://hl7.org/fhir/extensions/5.1.0/CodeSystem-concept-map-equivalence.html#relatedto" title="relatedto">is related to</a></td><td>DiagnosticReport.basedOn</td><td>basedOn.resolve().ofType(ServiceRequest)</td></tr><tr><td>LabReport.specimen (A.4 Specimen information)</td><td><a href="http://hl7.org/fhir/extensions/5.1.0/CodeSystem-concept-map-equivalence.html#relatedto" title="relatedto">is related to</a></td><td>DiagnosticReport.specimen</td><td/></tr><tr><td>LabReport.result (A.5 Results data elements)</td><td><a href="http://hl7.org/fhir/extensions/5.1.0/CodeSystem-concept-map-equivalence.html#relatedto" title="relatedto">is related to</a></td><td>DiagnosticReport.result</td><td/></tr><tr><td>LabReport.specimen (A.4 Specimen information)</td><td><a href="http://hl7.org/fhir/extensions/5.1.0/CodeSystem-concept-map-equivalence.html#relatedto" title="relatedto">is related to</a></td><td>DiagnosticReport.result.specimen</td><td>result.resolve().ofType(Observation)</td></tr></table><hr/><p><b>Group 2 </b>Mapping from <a href="StructureDefinition-LabReport.html">A - Laboratory Report</a> to <a href="StructureDefinition-Composition-eu-lab.html">Composition: Laboratory Report</a></p><table class="grid"><tr><td><b>Source Code</b></td><td><b>Relationship</b></td><td><b>Target Code</b></td><td><b>Comment</b></td></tr><tr><td>LabReport.header (A.1 Report header data elements)</td><td><a href="http://hl7.org/fhir/extensions/5.1.0/CodeSystem-concept-map-equivalence.html#relatedto" title="relatedto">is related to</a></td><td>Composition</td><td/></tr><tr><td>LabReport.header.subject (A.1.1 - A1.2 Patient/subject)</td><td><a href="http://hl7.org/fhir/extensions/5.1.0/CodeSystem-concept-map-equivalence.html#relatedto" title="relatedto">is related to</a></td><td>Composition.subject</td><td/></tr><tr><td>LabReport.header.payer (A.1.3 Health insurance and payment information)</td><td><a href="http://hl7.org/fhir/extensions/5.1.0/CodeSystem-concept-map-equivalence.html#relatedto" title="relatedto">is related to</a></td><td>Composition.extension:basedOn-order-or-requisition.insurance</td><td>extension(http://hl7.eu/fhir/laboratory/StructureDefinition/composition-basedOn-order-or-requisition).resolve().ofType(ServiceRequest).insurance.resolve().ofType(Coverage)</td></tr><tr><td>LabReport.header.informationRecipient (A.1.4 Information recipient)</td><td><a href="http://hl7.org/fhir/extensions/5.1.0/CodeSystem-concept-map-equivalence.html#equivalent" title="equivalent">is equivalent to</a></td><td>Composition.extension:information-recipient</td><td/></tr><tr><td>LabReport.header.author (A.1.5 Author)</td><td><a href="http://hl7.org/fhir/extensions/5.1.0/CodeSystem-concept-map-equivalence.html#relatedto" title="relatedto">is related to</a></td><td>Composition.author</td><td/></tr><tr><td>LabReport.header.legalAuthenticator (A.1.6 Legal authenticator)</td><td><a href="http://hl7.org/fhir/extensions/5.1.0/CodeSystem-concept-map-equivalence.html#equivalent" title="equivalent">is equivalent to</a></td><td>Composition.attester.party</td><td>The person authenticated the content and accepted legal responsibility for its content.
attester.where(mode='legal')</td></tr><tr><td>LabReport.header.validator (A.1.7 Result validator)</td><td><a href="http://hl7.org/fhir/extensions/5.1.0/CodeSystem-concept-map-equivalence.html#equivalent" title="equivalent">is equivalent to</a></td><td>Composition.attester.party</td><td>The person authenticated the content in their professional capacity.
attester.where(mode='professional')</td></tr><tr><td>LabReport.header.metadata (A.1.8 Laboratory report metadata)</td><td><a href="http://hl7.org/fhir/extensions/5.1.0/CodeSystem-concept-map-equivalence.html#relatedto" title="relatedto">is related to</a></td><td>Composition</td><td/></tr><tr><td>LabReport.header.metadata.documentId (A.1.8.0 Document Id)</td><td><a href="http://hl7.org/fhir/extensions/5.1.0/CodeSystem-concept-map-equivalence.html#equivalent" title="equivalent">is equivalent to</a></td><td>Composition.identifier</td><td>If it is the identifier of the report indipendently by its version. Otherwise you should refer to the Bundle.indentifier</td></tr><tr><td>LabReport.header.metadata.type (A.1.8.1 Document type)</td><td><a href="http://hl7.org/fhir/extensions/5.1.0/CodeSystem-concept-map-equivalence.html#equivalent" title="equivalent">is equivalent to</a></td><td>Composition.type</td><td/></tr><tr><td>LabReport.header.metadata.status (A.1.8.2 Document status)</td><td><a href="http://hl7.org/fhir/extensions/5.1.0/CodeSystem-concept-map-equivalence.html#relatedto" title="relatedto">is related to</a></td><td>Composition.status</td><td>For FHIR R4 the more granular status is recorded in the DiagnosticReport.status. Mapping rules for valuing the Compisition.status are specified in http://hl7.eu/fhir/laboratory/ConceptMap/ConceptMap-eu-diagRptStatus2CompStatus</td></tr><tr><td>LabReport.header.metadata.dateTime (A.1.8.3 Report date and time)</td><td><a href="http://hl7.org/fhir/extensions/5.1.0/CodeSystem-concept-map-equivalence.html#equivalent" title="equivalent">is equivalent to</a></td><td>Composition.date</td><td/></tr><tr><td>LabReport.header.metadata.title (A.1.8.4 Document title)</td><td><a href="http://hl7.org/fhir/extensions/5.1.0/CodeSystem-concept-map-equivalence.html#equivalent" title="equivalent">is equivalent to</a></td><td>Composition.title</td><td/></tr><tr><td>LabReport.header.metadata.studyType (A.1.8.5 Study type)</td><td><a href="http://hl7.org/fhir/extensions/5.1.0/CodeSystem-concept-map-equivalence.html#relatedto" title="relatedto">is related to</a></td><td>Composition.category</td><td/></tr><tr><td>LabReport.header.metadata.custodian (A.1.8.6 Report custodian)</td><td><a href="http://hl7.org/fhir/extensions/5.1.0/CodeSystem-concept-map-equivalence.html#equivalent" title="equivalent">is equivalent to</a></td><td>Composition.custodian</td><td/></tr><tr><td>LabReport.header.metadata.confidentiality (A.1.8.7 Confidentiality)</td><td><a href="http://hl7.org/fhir/extensions/5.1.0/CodeSystem-concept-map-equivalence.html#equivalent" title="equivalent">is equivalent to</a></td><td>Composition.confidentiality</td><td/></tr><tr><td>LabReport.header.metadata.language (A.1.8.8 Language)</td><td><a href="http://hl7.org/fhir/extensions/5.1.0/CodeSystem-concept-map-equivalence.html#equivalent" title="equivalent">is equivalent to</a></td><td>Composition.language</td><td/></tr><tr><td>LabReport.header.metadata.version (A.1.8.9 Version)</td><td><a href="http://hl7.org/fhir/extensions/5.1.0/CodeSystem-concept-map-equivalence.html#equivalent" title="equivalent">is equivalent to</a></td><td>Composition.extension:versionNumber</td><td>if it refers to the business report version</td></tr><tr><td>LabReport.order (A.2-A.3 Order)</td><td><a href="http://hl7.org/fhir/extensions/5.1.0/CodeSystem-concept-map-equivalence.html#relatedto" title="relatedto">is related to</a></td><td>Composition.extension:basedOn-order-or-requisition.insurance</td><td>extension(http://hl7.eu/fhir/laboratory/StructureDefinition/composition-basedOn-order-or-requisition).resolve().ofType(ServiceRequest)</td></tr><tr><td>LabReport.specimen (A.4 Specimen information)</td><td><a href="http://hl7.org/fhir/extensions/5.1.0/CodeSystem-concept-map-equivalence.html#relatedto" title="relatedto">is related to</a></td><td>Composition.section:lab-no-subsections.entry.specimen</td><td>If no sub sections</td></tr><tr><td>LabReport.result (A.5 Results data elements)</td><td><a href="http://hl7.org/fhir/extensions/5.1.0/CodeSystem-concept-map-equivalence.html#relatedto" title="relatedto">is related to</a></td><td>Composition.section:lab-no-subsections.entry</td><td>If no sub sections</td></tr><tr><td>LabReport.specimen (A.4 Specimen information)</td><td><a href="http://hl7.org/fhir/extensions/5.1.0/CodeSystem-concept-map-equivalence.html#relatedto" title="relatedto">is related to</a></td><td>Composition.section:lab-subsections.section.entry.specimen</td><td>If sub sections</td></tr><tr><td>LabReport.result (A.5 Results data elements)</td><td><a href="http://hl7.org/fhir/extensions/5.1.0/CodeSystem-concept-map-equivalence.html#relatedto" title="relatedto">is related to</a></td><td>Composition.section:lab-subsections.section.entry</td><td>If sub sections</td></tr></table></div></text><extension url="http://hl7.org/fhir/StructureDefinition/structuredefinition-fmm"><valueInteger value="2"/></extension><extension url="http://hl7.org/fhir/StructureDefinition/structuredefinition-standards-status"><valueCode value="informative"/></extension><url value="http://hl7.eu/fhir/laboratory/ConceptMap/labRpt2FHIR-eu-lab"/><version value="0.2.0-ci"/><name value="LabRpt2FHIR"/><title value="eHN Lab Report to this guide Map"/><status value="draft"/><experimental value="true"/><date value="2024-11-18T16:52:16+00:00"/><publisher value="HL7 Europe"/><contact><name value="HL7 Europe"/><telecom><system value="url"/><value value="http://hl7.eu"/></telecom></contact><description value="eHN Lab Report to this guide Map"/><jurisdiction><coding><system value="http://unstats.un.org/unsd/methods/m49/m49.htm"/><code value="150"/><display value="Europe"/></coding></jurisdiction><purpose value="It shows how the Laboratory Report data set defined by the EU eHN guidelines is mapped into this guide"/><copyright value="Used by permission of HL7 Europe, all rights reserved Creative Commons License"/><sourceUri value="http://hl7.eu/fhir/laboratory/StructureDefinition/LabReport"/><targetUri value="http://hl7.eu/fhir/laboratory/StructureDefinition/Bundle-eu-lab"/><group><source value="http://hl7.eu/fhir/laboratory/StructureDefinition/LabReport"/><target value="http://hl7.eu/fhir/laboratory/StructureDefinition/DiagnosticReport-eu-lab"/><element><code value="LabReport.header"/><display value="A.1 Report header data elements"/><target><code value="DiagnosticReport"/><equivalence value="relatedto"/></target></element><element><code value="LabReport.header.subject"/><display value="A.1.1 - A1.2 Patient/subject"/><target><code value="DiagnosticReport.subject"/><equivalence value="relatedto"/></target></element><element><code value="LabReport.header.payer"/><display value="A.1.3 Health insurance and payment information"/><target><code value="DiagnosticReport.basedOn.insurance"/><equivalence value="relatedto"/><comment value="basedOn.resolve().ofType(ServiceRequest).insurance.resolve().ofType(Coverage)"/></target></element><element><code value="LabReport.header.informationRecipient"/><display value="A.1.4 Information recipient"/><target><code value="DiagnosticReport.extension:information-recipient"/><equivalence value="equivalent"/></target></element><element><code value="LabReport.header.author"/><display value="A.1.5 Author"/><target><code value="DiagnosticReport.resultsInterpreter"/><equivalence value="relatedto"/><comment value="If the author is the interpreter"/></target></element><element><code value="LabReport.header.author"/><display value="A.1.5 Author"/><target><code value="DiagnosticReport.performer"/><equivalence value="relatedto"/><comment value="If the author is the perfomer"/></target></element><element><code value="LabReport.header.legalAuthenticator"/><display value="A.1.6 Legal authenticator"/><target><equivalence value="unmatched"/><comment value="Mapped in the Composition resource"/></target></element><element><code value="LabReport.header.validator"/><display value="A.1.7 Result validator"/><target><equivalence value="unmatched"/><comment value="Mapped in the Composition resource"/></target></element><element><code value="LabReport.header.metadata"/><display value="A.1.8 Laboratory report metadata"/><target><code value="DiagnosticReport"/><equivalence value="relatedto"/></target></element><element><code value="LabReport.header.metadata.documentId"/><display value="A.1.8.0 Document Id"/><target><code value="DiagnosticReport.identifier"/><equivalence value="relatedto"/><comment value="If it is the identifier of the report indipendently by its version. Otherwise you should refer to the Bundle.indentifier"/></target></element><element><code value="LabReport.header.metadata.type"/><display value="A.1.8.1 Document type"/><target><code value="DiagnosticReport.code"/><equivalence value="equivalent"/></target></element><element><code value="LabReport.header.metadata.status"/><display value="A.1.8.2 Document status"/><target><code value="DiagnosticReport.status"/><equivalence value="relatedto"/><comment value="For FHIR R4 the more granular status is recorded in the DiagnosticReport.status"/></target></element><element><code value="LabReport.header.metadata.dateTime"/><display value="A.1.8.3 Report date and time"/><target><code value="DiagnosticReport.effectiveDateTime"/><equivalence value="equivalent"/></target></element><element><code value="LabReport.header.metadata.title"/><display value="A.1.8.4 Document title"/><target><equivalence value="unmatched"/><comment value="Mapped in the Composition resource"/></target></element><element><code value="LabReport.header.metadata.studyType"/><display value="A.1.8.5 Study type"/><target><code value="DiagnosticReport.category"/><equivalence value="relatedto"/></target></element><element><code value="LabReport.header.metadata.custodian"/><display value="A.1.8.6 Report custodian"/><target><equivalence value="unmatched"/><comment value="Mapped in the Composition resource"/></target></element><element><code value="LabReport.header.metadata.confidentiality"/><display value="A.1.8.7 Confidentiality"/><target><equivalence value="unmatched"/><comment value="Mapped in the Composition resource"/></target></element><element><code value="LabReport.header.metadata.language"/><display value="A.1.8.8 Language"/><target><code value="DiagnosticReport.language"/><equivalence value="equivalent"/></target></element><element><code value="LabReport.header.metadata.version"/><display value="A.1.8.9 Version"/><target><equivalence value="unmatched"/><comment value="Mapped in the Composition resource if it refers to the business report version"/></target></element><element><code value="LabReport.order"/><display value="A.2-A.3 Order"/><target><code value="DiagnosticReport.basedOn"/><equivalence value="relatedto"/><comment value="basedOn.resolve().ofType(ServiceRequest)"/></target></element><element><code value="LabReport.specimen"/><display value="A.4 Specimen information"/><target><code value="DiagnosticReport.specimen"/><equivalence value="relatedto"/></target></element><element><code value="LabReport.result"/><display value="A.5 Results data elements"/><target><code value="DiagnosticReport.result"/><equivalence value="relatedto"/></target></element><element><code value="LabReport.specimen"/><display value="A.4 Specimen information"/><target><code value="DiagnosticReport.result.specimen"/><equivalence value="relatedto"/><comment value="result.resolve().ofType(Observation)"/></target></element></group><group><source value="http://hl7.eu/fhir/laboratory/StructureDefinition/LabReport"/><target value="http://hl7.eu/fhir/laboratory/StructureDefinition/Composition-eu-lab"/><element><code value="LabReport.header"/><display value="A.1 Report header data elements"/><target><code value="Composition"/><equivalence value="relatedto"/></target></element><element><code value="LabReport.header.subject"/><display value="A.1.1 - A1.2 Patient/subject"/><target><code value="Composition.subject"/><equivalence value="relatedto"/></target></element><element><code value="LabReport.header.payer"/><display value="A.1.3 Health insurance and payment information"/><target><code value="Composition.extension:basedOn-order-or-requisition.insurance"/><equivalence value="relatedto"/><comment value="extension(http://hl7.eu/fhir/laboratory/StructureDefinition/composition-basedOn-order-or-requisition).resolve().ofType(ServiceRequest).insurance.resolve().ofType(Coverage)"/></target></element><element><code value="LabReport.header.informationRecipient"/><display value="A.1.4 Information recipient"/><target><code value="Composition.extension:information-recipient"/><equivalence value="equivalent"/></target></element><element><code value="LabReport.header.author"/><display value="A.1.5 Author"/><target><code value="Composition.author"/><equivalence value="relatedto"/></target></element><element><code value="LabReport.header.legalAuthenticator"/><display value="A.1.6 Legal authenticator"/><target><code value="Composition.attester.party"/><equivalence value="equivalent"/><comment value="The person authenticated the content and accepted legal responsibility for its content.&#xA;attester.where(mode='legal')"/></target></element><element><code value="LabReport.header.validator"/><display value="A.1.7 Result validator"/><target><code value="Composition.attester.party"/><equivalence value="equivalent"/><comment value="The person authenticated the content in their professional capacity.&#xA;attester.where(mode='professional')"/></target></element><element><code value="LabReport.header.metadata"/><display value="A.1.8 Laboratory report metadata"/><target><code value="Composition"/><equivalence value="relatedto"/></target></element><element><code value="LabReport.header.metadata.documentId"/><display value="A.1.8.0 Document Id"/><target><code value="Composition.identifier"/><equivalence value="equivalent"/><comment value="If it is the identifier of the report indipendently by its version. Otherwise you should refer to the Bundle.indentifier"/></target></element><element><code value="LabReport.header.metadata.type"/><display value="A.1.8.1 Document type"/><target><code value="Composition.type"/><equivalence value="equivalent"/></target></element><element><code value="LabReport.header.metadata.status"/><display value="A.1.8.2 Document status"/><target><code value="Composition.status"/><equivalence value="relatedto"/><comment value="For FHIR R4 the more granular status is recorded in the DiagnosticReport.status. Mapping rules for valuing the Compisition.status are specified in http://hl7.eu/fhir/laboratory/ConceptMap/ConceptMap-eu-diagRptStatus2CompStatus"/></target></element><element><code value="LabReport.header.metadata.dateTime"/><display value="A.1.8.3 Report date and time"/><target><code value="Composition.date"/><equivalence value="equivalent"/></target></element><element><code value="LabReport.header.metadata.title"/><display value="A.1.8.4 Document title"/><target><code value="Composition.title"/><equivalence value="equivalent"/></target></element><element><code value="LabReport.header.metadata.studyType"/><display value="A.1.8.5 Study type"/><target><code value="Composition.category"/><equivalence value="relatedto"/></target></element><element><code value="LabReport.header.metadata.custodian"/><display value="A.1.8.6 Report custodian"/><target><code value="Composition.custodian"/><equivalence value="equivalent"/></target></element><element><code value="LabReport.header.metadata.confidentiality"/><display value="A.1.8.7 Confidentiality"/><target><code value="Composition.confidentiality"/><equivalence value="equivalent"/></target></element><element><code value="LabReport.header.metadata.language"/><display value="A.1.8.8 Language"/><target><code value="Composition.language"/><equivalence value="equivalent"/></target></element><element><code value="LabReport.header.metadata.version"/><display value="A.1.8.9 Version"/><target><code value="Composition.extension:versionNumber"/><equivalence value="equivalent"/><comment value="if it refers to the business report version"/></target></element><element><code value="LabReport.order"/><display value="A.2-A.3 Order"/><target><code value="Composition.extension:basedOn-order-or-requisition.insurance"/><equivalence value="relatedto"/><comment value="extension(http://hl7.eu/fhir/laboratory/StructureDefinition/composition-basedOn-order-or-requisition).resolve().ofType(ServiceRequest)"/></target></element><element><code value="LabReport.specimen"/><display value="A.4 Specimen information"/><target><code value="Composition.section:lab-no-subsections.entry.specimen"/><equivalence value="relatedto"/><comment value="If no sub sections"/></target></element><element><code value="LabReport.result"/><display value="A.5 Results data elements"/><target><code value="Composition.section:lab-no-subsections.entry"/><equivalence value="relatedto"/><comment value="If no sub sections"/></target></element><element><code value="LabReport.specimen"/><display value="A.4 Specimen information"/><target><code value="Composition.section:lab-subsections.section.entry.specimen"/><equivalence value="relatedto"/><comment value="If sub sections"/></target></element><element><code value="LabReport.result"/><display value="A.5 Results data elements"/><target><code value="Composition.section:lab-subsections.section.entry"/><equivalence value="relatedto"/><comment value="If sub sections"/></target></element></group></ConceptMap>